-- MySQL dump 10.16  Distrib 10.1.48-MariaDB, for debian-linux-gnu (x86_64)
--
-- Host: localhost    Database: db
-- ------------------------------------------------------
-- Server version	10.1.48-MariaDB-0+deb9u2

/*!40101 SET @OLD_CHARACTER_SET_CLIENT=@@CHARACTER_SET_CLIENT */;
/*!40101 SET @OLD_CHARACTER_SET_RESULTS=@@CHARACTER_SET_RESULTS */;
/*!40101 SET @OLD_COLLATION_CONNECTION=@@COLLATION_CONNECTION */;
/*!40101 SET NAMES utf8mb4 */;
/*!40103 SET @OLD_TIME_ZONE=@@TIME_ZONE */;
/*!40103 SET TIME_ZONE='+00:00' */;
/*!40014 SET @OLD_UNIQUE_CHECKS=@@UNIQUE_CHECKS, UNIQUE_CHECKS=0 */;
/*!40014 SET @OLD_FOREIGN_KEY_CHECKS=@@FOREIGN_KEY_CHECKS, FOREIGN_KEY_CHECKS=0 */;
/*!40101 SET @OLD_SQL_MODE=@@SQL_MODE, SQL_MODE='NO_AUTO_VALUE_ON_ZERO' */;
/*!40111 SET @OLD_SQL_NOTES=@@SQL_NOTES, SQL_NOTES=0 */;

--
-- Table structure for table `customers`
--
DROP DATABASE IF EXISTS bigshop;
CREATE DATABASE bigshop;

USE bigshop;
DROP TABLE IF EXISTS `customers`;
/*!40101 SET @saved_cs_client     = @@character_set_client */;
/*!40101 SET character_set_client = utf8 */;
CREATE TABLE `customers` (
  `customer_id` varchar(32) DEFAULT NULL,
  `customer_unique_id` varchar(32) DEFAULT NULL,
  `customer_zip_code_prefix` mediumint(9) DEFAULT NULL,
  `customer_city` varchar(32) DEFAULT NULL,
  `customer_state` varchar(2) DEFAULT NULL
) ENGINE=InnoDB DEFAULT CHARSET=utf8mb4;
/*!40101 SET character_set_client = @saved_cs_client */;

--
-- Dumping data for table `customers`
--

LOCK TABLES `customers` WRITE;
/*!40000 ALTER TABLE `customers` DISABLE KEYS */;
INSERT INTO `customers` VALUES ('06b8999e2fba1a1fbc88172c00ba8bc7','861eff4711a542e4b93843c6dd7febb0',14409,'franca','SP'),('18955e83d337fd6b2def6b18a428ac77','290c77bc529b7ac935b93aa66c333dc3',9790,'sao bernardo do campo','SP'),('4e7b3e00288586ebd08712fdd0374a03','060e732b5b29e8181a18229c7b0b2b5e',1151,'sao paulo','SP'),('b2b6027bc5c5109e529d4dc6358b12c3','259dac757896d24d7702b9acbbff3f3c',8775,'mogi das cruzes','SP'),('4f2d8ab171c80ec8364f7c12e35b23ad','345ecd01c38d18a9036ed96c73b8d066',13056,'campinas','SP'),('879864dab9bc3047522c92c82e1212b8','4c93744516667ad3b8f1fb645a3116a4',89254,'jaragua do sul','SC'),('fd826e7cf63160e536e0908c76c3f441','addec96d2e059c80c30fe6871d30d177',4534,'sao paulo','SP'),('5e274e7a0c3809e14aba7ad5aae0d407','57b2a98a409812fe9618067b6b8ebe4f',35182,'timoteo','MG'),('5adf08e34b2e993982a47070956c5c65','1175e95fb47ddff9de6b2b06188f7e0d',81560,'curitiba','PR'),('4b7139f34592b3a31687243a302fa75b','9afe194fb833f79e300e37e580171f22',30575,'belo horizonte','MG'),('9fb35e4ed6f0a14a4977cd9aea4042bb','2a7745e1ed516b289ed9b29c7d0539a5',39400,'montes claros','MG'),('5aa9e4fdd4dfd20959cad2d772509598','2a46fb94aef5cbeeb850418118cee090',20231,'rio de janeiro','RJ'),('b2d1536598b73a9abd18e0d75d92f0a3','918dc87cd72cd9f6ed4bd442ed785235',18682,'lencois paulista','SP'),('eabebad39a88bb6f5b52376faec28612','295c05e81917928d76245e842748184d',5704,'sao paulo','SP'),('1f1c7bf1c9b041b292af6c1c4470b753','3151a81801c8386361b62277d7fa5ecf',95110,'caxias do sul','RS'),('206f3129c0e4d7d0b9550426023f0a08','21f748a16f4e1688a9014eb3ee6fa325',13412,'piracicaba','SP'),('a7c125a0a07b75146167b7f04a7f8e98','5c2991dbd08bbf3cf410713c4de5a0b5',22750,'rio de janeiro','RJ'),('c5c61596a3b6bd0cee5766992c48a9a1','b6e99561fe6f34a55b0b7da92f8ed775',7124,'guarulhos','SP'),('9b8ce803689b3562defaad4613ef426f','7f3a72e8f988c6e735ba118d54f47458',5416,'sao paulo','SP'),('49d0ea0986edde72da777f15456a0ee0','3e6fd6b2f0d499456a6a6820a40f2d79',68485,'pacaja','PA'),('154c4ded6991bdfa3cd249d11abf4130','e607ede0e63436308660236f5a52da5e',88034,'florianopolis','SC'),('690172ab319622688d3b4df42f676898','a96d5cfa0d3181817e2b946f921ea021',74914,'aparecida de goiania','GO'),('2938121a40a20953c43caa8c98787fcb','482441ea6a06b1f72fe9784756c0ea75',5713,'sao paulo','SP'),('237098a64674ae89babdc426746260fc','4390ddbb6276a66ff1736a6710205dca',82820,'curitiba','PR'),('cb721d7b4f271fd87011c4c83462c076','a5844ba4bfc8d0cc61d13027c7e63bcc',8225,'sao paulo','SP'),('f681356046d9fde60e70c73a18d65ea2','5f102dd37243f152aec3607970aad100',9121,'santo andre','SP'),('167bd30a409e3e4127df5a9408ebd394','9c0096673baf55453a50073f12d1a37f',74310,'goiania','GO'),('6e359a57a91f84095cc64e1b351aef8c','2e6a42a9b5cbb0da62988694f18ee295',4571,'sao paulo','SP'),('e0eea8f69a457b3f1fa246e44c9ebefd','4d221875624017bc47b4d1ce7314a5b7',29311,'cachoeiro de itapemirim','ES'),('e3109970a3fe8021d5ff82c577ce5606','a8654e2af5da6bb72f52c22b164855e1',5528,'sao paulo','SP'),('261cb4f92498ca05d5bd1a327a261d9c','424aca6872c5bab80780a8dec03b7516',12235,'sao jose dos campos','SP'),('6f92779347724b67e44e3224f3b4cffd','bf4862777db128507e9efcc789215e9b',18130,'sao roque','SP'),('2d5831cb2dff7cdefba62e950ae3dc7b','e9dd12dca17352644a959d9dea133935',42800,'camacari','BA'),('b2bed119388167a954382cca36c4777f','e079b18794454de9d2be5c12b4392294',27525,'resende','RJ'),('469634941c27cd844170935a3cf60b95','ef07ba9aa5226f77264ffa5762b2280b',81750,'curitiba','PR'),('df0aa5b8586495e0ddf6b601122e43a1','85d234692f7bee8d6fea586e237334b6',13175,'sumare','SP'),('41c8f4b570869791379a925899a6af8a','fe3634ccefbcdb0537b45fd589e32e8e',7170,'guarulhos','SP'),('54f755c3fd2709231f9964a1430c5218','40febde16f4718a5def537786473b0be',93415,'novo hamburgo','RS'),('4c06b42fbf7b97ab10779cda5549cd1c','07d190f123147d9e89d4b922543d7948',65075,'sao luis','MA'),('b6368ca0f56d4632f44d58ca431487b2','dd992305cba295d997f263dbdf4e8c2e',88104,'sao jose','SC'),('4a0e66fd30684aa1409cd1b66fec77cc','86085586aaa8c5f47ed0b400da64c59d',7176,'guarulhos','SP'),('c168abb9077b7821adae01dc1f0886c5','5ad58a4e6a1a656b6bed070cadbaa003',35960,'santa barbara','MG'),('a3b0fda37bae14cf754877bed475e80c','c9158d089637ab443c78984d20da7fc0',5727,'sao paulo','SP'),('0ccd415657ae8a6cd1c71b00155a019e','66cc90195ca44cc7ac6a1cd0e1e1e7b2',7053,'guarulhos','SP'),('c532a74a3ebf1bacce2e2bcce3783317','91ec50a00ae74d0a229d2efdf4344e1e',14026,'ribeirao preto','SP'),('19cecb194f54e614b70d971306a9931b','d251c190ca75786e9ab937982d60d1d4',30320,'belo horizonte','MG'),('f34a6e874087ec1f0e3dab9fdf659c5d','233896de79986082f1f479f1f85281cb',38300,'ituiutaba','MG'),('c132855c926907970dcf6f2bf0b33a24','a8ae36a2bb6c2bbc3b5d62ede131c9ef',18740,'taquarituba','SP'),('df85b96ba2ce3e49bde101b1614f52ac','8d46223c91cbeb93e0930ca8bd8ffca2',83085,'sao jose dos pinhais','PR'),('4d27341acd30a36bca39008ee9bb9050','e021e698833bdeb89dfef3acb2e91f37',89254,'jaragua do sul','SC'),('d3b6830d18c7de943d1e707d1f061d40','27cf4b153010911a0957150255a6c6db',5351,'sao paulo','SP'),('79de53946db384e2d7a9bd131792ad17','7ce5b57a120a2da6a804afa58ffcbfb5',39406,'montes claros','MG'),('a562ab1e728449e3461829dfe2e36f73','d33eeadf54cb883e79be640f38c32cdc',14860,'barrinha','SP'),('b64ed91eab98972150bdaf77ca921934','3da7750bf3c1dbd724624a60a9f5942b',21310,'rio de janeiro','RJ'),('8247b5583327ab8be19f96e1fb82f77b','d85547cd859833520b311b4458a14c1c',23970,'parati','RJ'),('8fcaa9368903f3a9a28aeaff28c14638','3af0b2f7654f613ff1527b997a2ac57e',79804,'dourados','MS'),('a9b0d1c26105279e1b8edc63d06bd668','3d49f4455a3947c8dd7e972b3ad8cb76',5017,'sao paulo','SP'),('aa9f03ecd3728c9bd12e6d962c66c7cb','b03e9d9818ee170e9d6b983803c7d406',75388,'trindade','GO'),('230c0d740401730c7197d16376893525','a302a693d5722d95984e6472150b9391',85808,'cascavel','PR'),('a905baa530258422594f1b05615bd225','c80da60feddb7cf8325bd104032e314a',60140,'fortaleza','CE'),('4fa19f7da692e6bf9602aaad3c372eda','a2b8841410cf77619574d311cd06fd5e',72270,'brasilia','DF'),('03f846ad03437d864a8d2a22976dcafe','7677c213007e9a6ec9267ea50b5ce5bc',2075,'sao paulo','SP'),('de4e13fd7d6469c5ada77d0843c55e42','0c17f9ac28cbd7323f0f4043e9db5907',96015,'pelotas','RS'),('8276de07ef25225d412b8462d73f8664','332cf4e83e16004ba7dca932ce82475b',90010,'porto alegre','RS'),('cc32707d2e2f7c92ab449f9b28154809','0d516ca029d6a28d5cfddd80b27a26dc',22440,'rio de janeiro','RJ'),('a02f66c3af7b16eec19ddcd98b645fe3','b3548d0cec408ae13d143bb4eeebaa6c',13323,'salto','SP'),('26acee41e2f75689a5615892f06ea0bd','c3293e875ffb1116018edf76d24e52a2',30190,'belo horizonte','MG'),('f64cdee66599119324ce57a97e43700d','d89e05e2d23c3d8247aeecd07758004b',13212,'jundiai','SP'),('7ab7a537b678b6dd73d825ff6ee7be9d','dad5018ffc0de85eb72f72575b552784',29307,'cachoeiro de itapemirim','ES'),('7300450cedf7e4c35c243c4a03c1e8a6','95700615deef776ed32faa08f0be634e',12280,'cacapava','SP'),('4c7241af24b5344cb01fe687643de4fe','b157c176c3fe04914fde33f2dc8b878a',60336,'fortaleza','CE'),('97e126f19a6f04b3462619f36862bcd2','d4397835ae287e492b186d497099439a',11310,'sao vicente','SP'),('6d27a9361e591da38c87a5e70253f3f2','76b029c87118a29f2e3de420f5ec2fa2',38408,'uberlandia','MG'),('6810c3dc47f641181fcc7f73275c3d19','7eaa86786b5955ab188db287f4726d79',37720,'botelhos','MG'),('b514422efcf14bef34858a0829bef189','b436a108536c1dabbc1d3e808d782df9',24431,'sao goncalo','RJ'),('0aae2862f8eac77f10a34f44860720ac','cd076285a12f40041b32f5ad8c98699f',5890,'sao paulo','SP'),('6c9a5923526346cbc0bd7bbd92269c01','cf6d4152d758efc43910e0141ae5b912',3733,'sao paulo','SP'),('1b2cb35b19b40b61f953d32ea157b337','468d559ef2dcd2bea6d8db78959fb90f',83709,'araucaria','PR'),('12d1b4294fef21016c9614eb31e55e15','7556f182460418cf30957e6ce377c674',11347,'sao vicente','SP'),('f6529ffebe6b3440d45d89604a4239ac','e5dbefdfdf3eff75c8e6cd655f128279',26272,'nova iguacu','RJ'),('8264e3518163dd09211870b24a5d741d','67d21c8bea9d6017d1b124d3879dd815',5415,'sao paulo','SP'),('8392e3d4cfeec63f2a8bfea68bf1f91f','fd2d5fdb84e65fa6b54b98b0e2df5645',59655,'areia branca','RN'),('38d1cd89306128348ffdf4cc23f3a50a','d491a65a6ef3c04e145d37395996bad7',4548,'sao paulo','SP'),('91ec76836092bba85d11761078ed7bb5','6edd17d0a29e2d4057e694afee5eaa3b',28010,'campos dos goytacazes','RJ'),('f9dfa0a2934ffbb22e66924952548be8','bf6e263ffc1f89999827615522b0aa45',13573,'sao carlos','SP'),('5a3260cfde2a918b597dada7ddd247bb','6d3f61e35d0422fd8cae65b1798784be',2175,'sao paulo','SP'),('ee3a81b2771fec5f9e982cdb1b3a4804','a9a77b4e25980b7ca58cb71f878abb27',37500,'itajuba','MG'),('784c407781aa34749a388c9283782b56','eca666aec08df69fe31aa9a11d4a3302',90670,'porto alegre','RS'),('3f6ede29d4c69cd3316d2035b6cec1fb','7a380cb5434e6b6b5b37d45bb99dbe8a',9890,'sao bernardo do campo','SP'),('6bed27564bd99d78d09c1fac13da56fd','463093247faa080167d77f2e6d1b297d',13321,'salto','SP'),('670254dd2e886ffe621b3831afb47d7d','914b142462685e3161cf3a9f4152a028',44380,'cruz das almas','BA'),('f7cb015ff73be957ee6a30e2577742c5','e235442a956c524e6c141141171f5801',27700,'vassouras','RJ'),('ea2196dc456ba36fe4f6b81dca4867d4','4a4de987b37555970ffcc9608d858a72',44033,'feira de santana','BA'),('09241c552e9fe2420997a6c535e9d408','44e9a1246448bd68a2e3bf0f1966c57a',4537,'sao paulo','SP'),('e50a30de3c32f9406a7185f40ce6874d','b4d6e1b900d99b52e901860bc1f44e35',71540,'brasilia','DF'),('f89c1a6b9c966869e441e55bc14acddc','809353196a0456095716566dd226bb48',13569,'sao carlos','SP'),('23e96758fd640560e9b1fbcda90abfc4','9e1f719fe5b17b9c51905fee6d6385c1',5565,'sao paulo','SP'),('369708cabd9831ea6fde670a3b602a92','94b731a41867b47c3856e324840c4c99',3636,'sao paulo','SP'),('5f8b4882b5a4ec7bf6d2107e6cd0cf29','694cb45ff29b603ac2acd51016770097',24120,'niteroi','RJ'),('ad6891a1937cb8723a2c08ba1ae59873','9dbb05f5577e862337b93feb8f358839',65058,'sao luis','MA');
/*!40000 ALTER TABLE `customers` ENABLE KEYS */;
UNLOCK TABLES;

--
-- Table structure for table `geolocation`
--

DROP TABLE IF EXISTS `geolocation`;
/*!40101 SET @saved_cs_client     = @@character_set_client */;
/*!40101 SET character_set_client = utf8 */;
CREATE TABLE `geolocation` (
  `geolocation_zip_code_prefix` mediumint(9) DEFAULT NULL,
  `geolocation_lat` decimal(18,16) DEFAULT NULL,
  `geolocation_lng` decimal(17,14) DEFAULT NULL,
  `geolocation_city` varchar(38) DEFAULT NULL,
  `geolocation_state` varchar(2) DEFAULT NULL
) ENGINE=InnoDB DEFAULT CHARSET=utf8mb4;
/*!40101 SET character_set_client = @saved_cs_client */;

--
-- Dumping data for table `geolocation`
--

LOCK TABLES `geolocation` WRITE;
/*!40000 ALTER TABLE `geolocation` DISABLE KEYS */;
INSERT INTO `geolocation` VALUES (1037,-23.5456212811527000,-46.63929204800170,'sao paulo','SP'),(1046,-23.5460811270355000,-46.64482029837160,'sao paulo','SP'),(1046,-23.5461289664147000,-46.64295148361140,'sao paulo','SP'),(1041,-23.5443921648681000,-46.63949930627840,'sao paulo','SP'),(1035,-23.5415779617115000,-46.64160722329610,'sao paulo','SP'),(1012,-23.5477623033643000,-46.63536053788450,'são paulo','SP'),(1047,-23.5462731124127000,-46.64122516971550,'sao paulo','SP'),(1013,-23.5469232084367000,-46.63426369649150,'sao paulo','SP'),(1029,-23.5437690557691000,-46.63427784085130,'sao paulo','SP'),(1011,-23.5476395503206000,-46.63603162315490,'sao paulo','SP'),(1013,-23.5473251282244000,-46.63418378613890,'sao paulo','SP'),(1032,-23.5384181040741000,-46.63477837526670,'sao paulo','SP'),(1014,-23.5464353433262000,-46.63383023397200,'sao paulo','SP'),(1012,-23.5489459851894000,-46.63467113292870,'sao paulo','SP'),(1037,-23.5451873408160000,-46.63785524104110,'são paulo','SP'),(1046,-23.5460811270355000,-46.64482029837160,'sao paulo','SP'),(1039,-23.5418830099833000,-46.63991946670310,'sao paulo','SP'),(1024,-23.5413895210539000,-46.62989908781220,'são paulo','SP'),(1009,-23.5469354043800000,-46.63658792659700,'sao paulo','SP'),(1046,-23.5458842792140000,-46.64316319124000,'sao paulo','SP'),(1046,-23.5451658917709000,-46.64378579626650,'sao paulo','SP'),(1020,-23.5522354710023000,-46.62844065889550,'são paulo','SP'),(1011,-23.5466904869649000,-46.63544695880720,'são paulo','SP'),(1043,-23.5466567180160000,-46.64078762115520,'são paulo','SP'),(1050,-23.5497735165042000,-46.64559900666510,'sao paulo','SP'),(1045,-23.5415937629696000,-46.64189378810080,'sao paulo','SP'),(1009,-23.5454295334411000,-46.63571531432850,'sao paulo','SP'),(1007,-23.5503925248427000,-46.63730164071780,'sao paulo','SP'),(1032,-23.5398418758395000,-46.63514797691530,'são paulo','SP'),(1041,-23.5435394490738000,-46.64057731057760,'sao paulo','SP'),(1005,-23.5498190918691000,-46.63560588995320,'sao paulo','SP'),(1037,-23.5467045997750000,-46.64033633250620,'são paulo','SP'),(1017,-23.5500109119974000,-46.63116636914990,'são paulo','SP'),(1046,-23.5453201193376000,-46.64406863434120,'sao paulo','SP'),(1019,-23.5521518834324000,-46.63080224715790,'sao paulo','SP'),(1032,-23.5407746888741000,-46.63551484303770,'sao paulo','SP'),(1017,-23.5492954052167000,-46.63207469510650,'sao paulo','SP'),(1050,-23.5490094060534000,-46.64281228183980,'sao paulo','SP'),(1050,-23.5487555939466000,-46.64278920373350,'sao paulo','SP'),(1027,-23.5383011668013000,-46.63076391104510,'sao paulo','SP'),(1050,-23.5498541806798000,-46.64313939690680,'sao paulo','SP'),(1013,-23.5471192492354000,-46.63423269940570,'sao paulo','SP'),(1033,-23.5403213047492000,-46.63639481597330,'sao paulo','SP'),(1009,-23.5456915392694000,-46.63586606148640,'sao paulo','SP'),(1046,-23.5460811270355000,-46.64482029837160,'sao paulo','SP'),(1050,-23.5487476625022000,-46.64239136704380,'sao paulo','SP'),(1032,-23.5411914765422000,-46.63499346058630,'sao paulo','SP'),(1020,-23.5525494965375000,-46.63163152553520,'sao paulo','SP'),(1006,-23.5505243083559000,-46.63669363835190,'sao paulo','SP'),(1034,-23.5423916271959000,-46.63770927785180,'sao paulo','SP'),(1020,-23.5524824521322000,-46.62938955675460,'sao paulo','SP'),(1047,-23.5466053180508000,-46.64198217444740,'sao paulo','SP'),(1042,-23.5448735981015000,-46.64030309449480,'sao paulo','SP'),(1034,-23.5429089153443000,-46.63679724785040,'sao paulo','SP'),(1047,-23.5459988170985000,-46.64083474340700,'sao paulo','SP'),(1035,-23.5402045556581000,-46.64414705704310,'sao paulo','SP'),(1027,-23.5386703344394000,-46.62934557285480,'sao paulo','SP'),(1046,-23.5463819722431000,-46.64289370661910,'são paulo','SP'),(1042,-23.5450516491720000,-46.64007245239200,'sao paulo','SP'),(1040,-23.5403167574297000,-46.63735536871720,'sao paulo','SP'),(1046,-23.5463966924808000,-46.64305934055620,'sao paulo','SP'),(1017,-23.5498133499913000,-46.63035027254890,'sao paulo','SP'),(1026,-23.5394947995863000,-46.63284391414980,'são paulo','SP'),(1033,-23.5391471798665000,-46.63583236462370,'sao paulo','SP'),(1036,-23.5417000238618000,-46.64131782056100,'sao paulo','SP'),(1046,-23.5460811270355000,-46.64482029837160,'sao paulo','SP'),(1009,-23.5469354043800000,-46.63658792659700,'sao paulo','SP'),(1046,-23.5460811270355000,-46.64482029837160,'sao paulo','SP'),(1047,-23.5467747687694000,-46.64251431141430,'são paulo','SP'),(1045,-23.5429250006217000,-46.64342394738370,'sao paulo','SP'),(1014,-23.5470822687849000,-46.63340844117830,'sao paulo','SP'),(1048,-23.5474489186625000,-46.64016924063700,'são paulo','SP'),(1046,-23.5453201193376000,-46.64406863434120,'sao paulo','SP'),(1002,-23.5483179780715000,-46.63542110199670,'sao paulo','SP'),(1033,-23.5361560757689000,-46.63565005635060,'sao paulo','SP'),(1048,-23.5470521312828000,-46.63947795974960,'sao paulo','SP'),(1014,-23.5464533433262000,-46.63394723397200,'sao paulo','SP'),(1031,-23.5368641210110000,-46.63349313820770,'sao paulo','SP'),(1029,-23.5413056996941000,-46.63285261754860,'sao paulo','SP'),(1050,-23.5498541806798000,-46.64313939690680,'sao paulo','SP'),(1032,-23.5407746888741000,-46.63551484303770,'sao paulo','SP'),(1031,-23.5373043156142000,-46.63386243849110,'sao paulo','SP'),(1046,-23.5460811270355000,-46.64482029837160,'sao paulo','SP'),(1022,-23.5449866050551000,-46.63345367485140,'sao paulo','SP'),(1008,-23.5442549315453000,-46.63463913558930,'sao paulo','SP'),(1009,-23.5463405137342000,-46.63623850320260,'sao paulo','SP'),(1048,-23.5474489186625000,-46.64016924063700,'são paulo','SP'),(1010,-23.5478069583463000,-46.63612181853810,'sao paulo','SP'),(1020,-23.5525333616481000,-46.62960898251490,'sao paulo','SP'),(1036,-23.5417000238618000,-46.64131782056100,'sao paulo','SP'),(1003,-23.5490324454671000,-46.63531311226840,'sao paulo','SP'),(1013,-23.5473251282244000,-46.63418378613890,'sao paulo','SP'),(1045,-23.5423030654972000,-46.64280268887410,'sao paulo','SP'),(1013,-23.5476863222344000,-46.63413976923070,'são paulo','SP'),(1046,-23.5460811270355000,-46.64482029837160,'sao paulo','SP'),(1046,-23.5461289664147000,-46.64295148361140,'sao paulo','SP'),(1042,-23.5446673724681000,-46.64066942714520,'são paulo','SP'),(1009,-23.5463405137342000,-46.63623850320260,'sao paulo','SP'),(1050,-23.5491073266778000,-46.64410460407410,'são paulo','SP'),(1001,-23.5492920000000000,-46.63355947823380,'sao paulo','SP');
/*!40000 ALTER TABLE `geolocation` ENABLE KEYS */;
UNLOCK TABLES;

--
-- Table structure for table `leads_closed`
--

DROP TABLE IF EXISTS `leads_closed`;
/*!40101 SET @saved_cs_client     = @@character_set_client */;
/*!40101 SET character_set_client = utf8 */;
CREATE TABLE `leads_closed` (
  `mql_id` varchar(32) DEFAULT NULL,
  `seller_id` varchar(32) DEFAULT NULL,
  `sdr_id` varchar(32) DEFAULT NULL,
  `sr_id` varchar(32) DEFAULT NULL,
  `won_date` varchar(19) DEFAULT NULL,
  `business_segment` varchar(31) DEFAULT NULL,
  `lead_type` varchar(15) DEFAULT NULL,
  `lead_behaviour_profile` varchar(11) DEFAULT NULL,
  `has_company` varchar(1) DEFAULT NULL,
  `has_gtin` varchar(1) DEFAULT NULL,
  `average_stock` varchar(7) DEFAULT NULL,
  `business_type` varchar(12) DEFAULT NULL,
  `declared_product_catalog_size` varchar(6) DEFAULT NULL,
  `declared_monthly_revenue` decimal(9,1) DEFAULT NULL
) ENGINE=InnoDB DEFAULT CHARSET=utf8mb4;
/*!40101 SET character_set_client = @saved_cs_client */;

--
-- Dumping data for table `leads_closed`
--

LOCK TABLES `leads_closed` WRITE;
/*!40000 ALTER TABLE `leads_closed` DISABLE KEYS */;
INSERT INTO `leads_closed` VALUES ('5420aad7fec3549a85876ba1c529bd84','2c43fb513632d29b3b58df74816f1b06','a8387c01a09e99ce014107505b92388c','4ef15afb4b2723d8f3d81e51ec7afefe','2018-02-26 19:58:54','pet','online_medium','cat','','','','reseller','',0.0),('a555fb36b9368110ede0f043dfc3b9a0','bbb7d7893a450660432ea6652310ebb7','09285259593c61296eef10c734121d5b','d3d1e91a157ea7f90548eef82f1955e3','2018-05-08 20:17:59','car_accessories','industry','eagle','','','','reseller','',0.0),('327174d3648a2d047e8940d7d15204ca','612170e34b97004b3ba37eae81836b4c','b90f87164b5f8c2cfa5c8572834dbe3f','6565aa9ce3178a5caf6171827af3a9ba','2018-06-05 17:27:23','home_appliances','online_big','cat','','','','reseller','',0.0),('f5fee8f7da74f4887f5bcae2bafb6dd6','21e1781e36faf92725dde4730a88ca0f','56bf83c4bb35763a51c2baab501b4c67','d3d1e91a157ea7f90548eef82f1955e3','2018-01-17 13:51:03','food_drink','online_small','','','','','reseller','',0.0),('ffe640179b554e295c167a2f6be528e0','ed8cb7b190ceb6067227478e48cf8dde','4b339f9567d060bcea4f5136b9f5949e','d3d1e91a157ea7f90548eef82f1955e3','2018-07-03 20:17:45','home_appliances','industry','wolf','','','','manufacturer','',0.0),('b94fba7670eeb44dce2a0d8eb790e9f5','1c742ac33582852aaf3bcfbf5893abcf','fdb16d3cbbeb5798f2f66c4096be026d','495d4e95a8cf8bbf8b432b612a2aa328','2018-02-07 18:04:05','health_beauty','online_medium','','','','','manufacturer','',0.0),('c3e30ed7ac989117c7e1e719b4ac128f','92d7568ad0c5c76fd7d341b2d46f24d6','4b339f9567d060bcea4f5136b9f5949e','85fc447d336637ba1df43e793199fbc8','2018-04-16 18:18:22','computers','online_medium','wolf','','','','reseller','',0.0),('b02c89251106e1fdd9d92744be9f94f2','44ed138eca6214d572ce1d813fb0049b','34d40cdaf94010a1d05b0d6212f9e909','4ef15afb4b2723d8f3d81e51ec7afefe','2018-04-17 17:01:57','health_beauty','offline','cat','','','','manufacturer','',0.0),('a90a37898cc5f2718385a2fb981caaff','0b28859cd04d23edefee9c591fb03cd8','f42a2bd194f7802ab052a815c8de65b7','6565aa9ce3178a5caf6171827af3a9ba','2018-05-14 18:37:15','household_utilities','offline','eagle','','','','reseller','',0.0),('0173e8d8b1d94a355b440fb67388f532','87d73636a3acf123e842bb890a4db036','9d12ef1a7eca3ec58c545c678af7869c','9e4d1098a3b0f5da39b0bc48f9876645','2018-04-24 03:00:00','household_utilities','online_medium','eagle','','','','manufacturer','',0.0),('4e4e70d504b4c0006c8287dedc99d0fc','f7a0d94e966c5665355a182d5b199fcf','fdb16d3cbbeb5798f2f66c4096be026d','4ef15afb4b2723d8f3d81e51ec7afefe','2018-02-28 19:42:14','construction_tools_house_garden','online_medium','cat','','','','reseller','',0.0),('408a9c4a79800232ac656249af3162eb','b566ab0ef88016e00422755e305103c6','de63de0d10a6012430098db33c679b0b','d3d1e91a157ea7f90548eef82f1955e3','2018-02-23 13:54:40','construction_tools_house_garden','online_big','cat','','','','reseller','',0.0),('c556184b3fe2087834850b68fa435cee','2d2322d842118867781fc737e96d59a1','09285259593c61296eef10c734121d5b','2695de1affa7750089c0455f8ce27021','2018-05-22 13:24:08','household_utilities','online_medium','cat','','','','reseller','',0.0),('67455a0673f5cf26deae5b270c003e83','e7012030d0fdd1d3ca504f6de7909c35','4b339f9567d060bcea4f5136b9f5949e','9ae085775a198122c5586fa830ff7f2b','2018-06-14 14:30:20','toys','online_big','wolf','','','','reseller','',0.0),('ab11f58a6bf7036a656364b0ba68fb74','9e7c5f4d7770eab65738cca38f9efccf','068066e24f0c643eb1d089c7dd20cd73','de63de0d10a6012430098db33c679b0b','2018-04-10 03:00:00','sports_leisure','online_medium','cat','','','','reseller','',0.0),('bae38661a27f6228ba38c36e766ed769','6a6b1614baaaf766293c17d8cb8c5a9d','f42a2bd194f7802ab052a815c8de65b7','495d4e95a8cf8bbf8b432b612a2aa328','2018-09-10 14:18:01','stationery','industry','cat','','','20-50','reseller','2000.0',100000.0),('450b97a48568c3118ff397f73abe4e4a','df91910b6a03bb2e3358fa6a35e32f6f','09285259593c61296eef10c734121d5b','060c0a26f19f4d66b42e0d8796688490','2018-04-10 19:21:54','food_drink','online_medium','cat','','','','manufacturer','',0.0),('9878253904482726e741460a99adba86','92d46311e4fa7583d14c351fdc881af6','de63de0d10a6012430098db33c679b0b','4ef15afb4b2723d8f3d81e51ec7afefe','2018-01-26 17:23:46','food_supplement','industry','','','','','manufacturer','',0.0),('ed3d878bf23177e7075ce07578841047','249f0e9905a6e06ad6c6bea7547ab9f6','9d12ef1a7eca3ec58c545c678af7869c','fbf4aef3f6915dc0c3c97d6812522f6a','2018-05-11 19:03:19','home_decor','online_medium','cat','','','','manufacturer','',0.0),('119ce5d79e3c006a9e46967bff271cb2','b494891378bd8f4560abe576c52deacd','b90f87164b5f8c2cfa5c8572834dbe3f','4ef15afb4b2723d8f3d81e51ec7afefe','2018-06-19 14:08:22','health_beauty','online_top','cat','','','','reseller','',0.0),('1f4e960dc47c49ab5c2a495e00055f64','8c45b4bc4b5c1e2a4e789b4466a39b77','56bf83c4bb35763a51c2baab501b4c67','c638112b43f1d1b86dcabb0da720c901','2018-02-07 13:57:02','bed_bath_table','offline','','','','','reseller','',0.0),('05d287893f5f083739da863da2c4b6f8','49f6ca9231352dedda1ad1176ce70531','9e4d1098a3b0f5da39b0bc48f9876645','060c0a26f19f4d66b42e0d8796688490','2018-04-16 13:09:09','health_beauty','online_small','cat','','','','reseller','',0.0),('0b97be8b4b408a3a0780a32e0a143a7f','7d13fca15225358621be4086e1eb0964','56bf83c4bb35763a51c2baab501b4c67','9ae085775a198122c5586fa830ff7f2b','2018-02-08 17:20:14','watches','online_big','','','','','reseller','',0.0),('2552a7b886c1710f36be92ac29b1362d','efa89b428cbc422ba9313b4fc6feafc7','56bf83c4bb35763a51c2baab501b4c67','d3d1e91a157ea7f90548eef82f1955e3','2018-02-16 12:31:56','fashion_accessories','online_beginner','','','','','manufacturer','',0.0),('59c0665c39a2bb9c8776d66f4e8b8f66','cb3666965a560e723403683bd378a5f7','fdb16d3cbbeb5798f2f66c4096be026d','4ef15afb4b2723d8f3d81e51ec7afefe','2018-02-22 12:40:15','jewerly','online_medium','','','','','manufacturer','',0.0),('4151b0029636a1c55afcce9283ac7902','e819bcfade7b5d88a27325eb6cfd62c5','068066e24f0c643eb1d089c7dd20cd73','9ae085775a198122c5586fa830ff7f2b','2018-02-12 13:18:13','home_decor','industry','','','','','manufacturer','',0.0),('fc4166d1b1e192f650ee2d807b54c943','70c27847eca8195c983ed7e798c56743','fdb16d3cbbeb5798f2f66c4096be026d','4ef15afb4b2723d8f3d81e51ec7afefe','2018-02-08 20:57:44','pet','online_small','','','','','reseller','',0.0),('85e43237b3fb87d881c757f44f1b0357','556a6409838156ea299c9d1f9e2dde43','4b339f9567d060bcea4f5136b9f5949e','fbf4aef3f6915dc0c3c97d6812522f6a','2018-04-06 20:52:54','household_utilities','industry','shark','','','','reseller','',0.0),('9ce2e101957dc53e3e89cc8e1599aa60','a4fc6eadaff1576af888509a53420f6a','09285259593c61296eef10c734121d5b','6565aa9ce3178a5caf6171827af3a9ba','2018-04-13 12:27:48','computers','online_beginner','cat','','','','reseller','',0.0),('9a6b65aedf8177783035f3a53ca21ed1','0975b0dd18febd1008391fa53dff0891','370c9f455f93a9a96cbe9bea48e70033','85fc447d336637ba1df43e793199fbc8','2018-04-18 18:02:08','party','online_medium','eagle','','','','manufacturer','',0.0),('4bb1ec1ff58ad39558e8468054bfc469','4fae87d32467e18eb46e4a76a0a0b9ce','9d12ef1a7eca3ec58c545c678af7869c','a8387c01a09e99ce014107505b92388c','2018-07-19 18:06:07','small_appliances','online_medium','cat','1','1','20-50','reseller','',0.0),('c34eb63cd098bf4be03d53462d7ecba2','3525be8392a4fa3274c459bcfee41eef','4b339f9567d060bcea4f5136b9f5949e','de63de0d10a6012430098db33c679b0b','2018-07-04 15:07:27','food_supplement','online_small','cat','','','','reseller','',0.0),('e428d5580f729d23e6070e43c492e424','8b181ee5518df84f18f4e1a43fe07923','09285259593c61296eef10c734121d5b','de63de0d10a6012430098db33c679b0b','2018-04-25 03:00:00','health_beauty','online_medium','shark','','','','reseller','',0.0),('e3c91316d8f28b18d96869aebbb7c3ec','d594982fd877af63ace38ea1fca27c76','09285259593c61296eef10c734121d5b','fbf4aef3f6915dc0c3c97d6812522f6a','2018-06-05 17:20:34','audio_video_electronics','industry','wolf','','','','reseller','',0.0),('72e81de94dfc0373b006ca75e9c851a1','2f1e89e231b096f4ff1f55dfe8607a7b','e7dff61b78bebffa71678e126ce669ad','068066e24f0c643eb1d089c7dd20cd73','2018-10-31 16:54:59','computers','online_medium','cat','1','','1-5','reseller','80.0',0.0),('1cbfa9c878ef8692c1ae21e4cfa11000','90269579385b838ce9bd577dcec278a4','34d40cdaf94010a1d05b0d6212f9e909','85fc447d336637ba1df43e793199fbc8','2018-05-30 14:43:50','pet','industry','cat','','','','manufacturer','',0.0),('b055fc7de322786cd9ddc996cb6e72ff','398cb257329ef7af7f1943a8974a3cbc','a8387c01a09e99ce014107505b92388c','9ae085775a198122c5586fa830ff7f2b','2018-03-06 12:25:29','food_drink','online_medium','cat','','','','manufacturer','',0.0),('a8d2884db49e0769ad4a0b8dce2e143c','d65f74c704563bcb8baa915fbf8cfa1e','6aa3b86a83d784b05f0e37e26b20860d','de63de0d10a6012430098db33c679b0b','2018-09-27 12:31:01','health_beauty','online_medium','cat','','0','','reseller','15.0',20000.0),('d955b97b28c2966211c9de2fe22fefbd','26e2c91ef821e1ff8985f408788fe35b','4b339f9567d060bcea4f5136b9f5949e','6565aa9ce3178a5caf6171827af3a9ba','2018-02-06 15:46:14','bed_bath_table','online_beginner','','','','','manufacturer','',0.0),('1d7cc0f1d0b54eac3609c5222246595b','dedcab67899479e4ea5dcc4eba47f587','56bf83c4bb35763a51c2baab501b4c67','d3d1e91a157ea7f90548eef82f1955e3','2018-05-15 18:05:25','car_accessories','online_medium','','','','','reseller','',0.0),('78f9eb91b8c7b3b3967fab18283ec614','ca4b77513ac2040591b0d8fae6958380','370c9f455f93a9a96cbe9bea48e70033','a8387c01a09e99ce014107505b92388c','2018-06-11 12:40:42','health_beauty','online_medium','cat','','','','reseller','',0.0),('20fcec0873b39b4df3df34140d77d6e7','cee3c487c56d29554a22d112af618301','084b6fbb10729ed4da8c3d3f5a3ae7c9','0a0fb2b07d841f84fb6714e35c723075','2018-11-14 18:04:19','other','other','cat','0','0','1-5','other','120.0',6000.0),('0a1643cb73c25878cc845d5594059afe','ae9d6bb89361dff26edbccc7e1c2911d','068066e24f0c643eb1d089c7dd20cd73','2695de1affa7750089c0455f8ce27021','2018-04-27 14:01:33','fashion_accessories','online_beginner','cat','','','','manufacturer','',0.0),('92c7eacf759c266a7663d63876d84223','da3eab58892c04039f4cd5ecb09ae260','9d12ef1a7eca3ec58c545c678af7869c','c638112b43f1d1b86dcabb0da720c901','2018-03-27 19:14:00','home_decor','offline','eagle','','','','manufacturer','',0.0),('f72a53e19c3310188cedd074226312c9','6e4a902d1054e4e17aa6eab87fac1c75','34d40cdaf94010a1d05b0d6212f9e909','2695de1affa7750089c0455f8ce27021','2018-06-18 13:58:00','audio_video_electronics','offline','wolf','','','','reseller','',0.0),('d25814a309be54d1d2279a4ff921ea28','2d42ebcda99fd55f6f4bc2f1ca035d50','4b339f9567d060bcea4f5136b9f5949e','9e4d1098a3b0f5da39b0bc48f9876645','2018-04-11 03:00:00','home_decor','online_big','cat','','','','reseller','',0.0),('e3ed7cb7b47e4079cb9fef895846b3e2','04843805947f0fc584fc1969b6e50fe7','9d12ef1a7eca3ec58c545c678af7869c','fbf4aef3f6915dc0c3c97d6812522f6a','2018-04-18 16:50:40','home_decor','online_big','cat','','','','manufacturer','',0.0),('413e4eb37de01f40522e28ecdc268639','d9d057968270cdb30c14cba606d5dc90','4b339f9567d060bcea4f5136b9f5949e','495d4e95a8cf8bbf8b432b612a2aa328','2018-03-29 17:48:42','car_accessories','online_medium','','','','','reseller','',0.0),('c1e598764329cc9c377ef1d029be8ceb','d4dcd3a31f5f19aea2f258a568517a4f','fdb16d3cbbeb5798f2f66c4096be026d','060c0a26f19f4d66b42e0d8796688490','2018-02-22 13:18:26','food_drink','industry','','','','','manufacturer','',0.0),('9cca8d684240e24dd459f2d439fae30c','28760737b4b82d4479ddff8db5e9f71f','9e4d1098a3b0f5da39b0bc48f9876645','4ef15afb4b2723d8f3d81e51ec7afefe','2018-02-27 20:04:12','pet','online_medium','cat','','','','manufacturer','',0.0),('0d99b130d767e50e22b528261ffe5550','0dccb6973ef48a00fbcccfe907181ab0','34d40cdaf94010a1d05b0d6212f9e909','a8387c01a09e99ce014107505b92388c','2018-06-11 12:04:11','food_supplement','online_beginner','cat','','','','reseller','',0.0),('7c9ac4388867d4cc3f1cf9c05ad7e944','751e274377499a8503fd6243ad9c56f6','9749123c950bf8363ace42cb1c2d0815','4ef15afb4b2723d8f3d81e51ec7afefe','2018-07-30 14:34:51','audio_video_electronics','online_big','cat','','','','reseller','',0.0),('2c5d0b35798bffadf8f67ef0af84d183','93a55b2252867fd7df54c78cbd5c6d95','56bf83c4bb35763a51c2baab501b4c67','fbf4aef3f6915dc0c3c97d6812522f6a','2018-04-02 14:20:33','construction_tools_house_garden','offline','cat','','','','reseller','',0.0),('e5860ae00103b3869a25d940345bf0fd','1185ae3e5ac0463c854dad54fc8fc9e1','34d40cdaf94010a1d05b0d6212f9e909','495d4e95a8cf8bbf8b432b612a2aa328','2018-04-13 12:50:35','bags_backpacks','industry','cat','','','','manufacturer','',0.0),('014c073ef65e4a7ef73acd61cf606164','2646baaf662d4d92ac48f047e35db92d','9d12ef1a7eca3ec58c545c678af7869c','4ef15afb4b2723d8f3d81e51ec7afefe','2018-03-23 19:06:54','construction_tools_house_garden','online_medium','eagle','','','','reseller','',0.0),('3a91a097116d6c8b32d41e0c81dd1e9c','e433f5fd4050e3352b5d83522b7fe24b','a8387c01a09e99ce014107505b92388c','9e4d1098a3b0f5da39b0bc48f9876645','2018-04-26 03:00:00','construction_tools_house_garden','online_medium','cat','','','','manufacturer','',0.0),('1030d227d3fe9ed0555666c4ffd14ab1','5cc5fe3c6e303fb7656ee7b0ca21ed58','9e4d1098a3b0f5da39b0bc48f9876645','6565aa9ce3178a5caf6171827af3a9ba','2018-03-12 13:21:11','jewerly','online_small','cat','','','','reseller','',0.0),('1c69de363482d0cbc9b6da97cb49757a','dc64d75cc406bb0697be983831430e60','f42a2bd194f7802ab052a815c8de65b7','85fc447d336637ba1df43e793199fbc8','2018-04-30 21:13:36','audio_video_electronics','online_small','cat','','','','reseller','',0.0),('415ae4e297c08fd8790a5b1e1ba8482e','08d1c9478fb0d7d7fcac9c0da4e82fc7','4b339f9567d060bcea4f5136b9f5949e','de63de0d10a6012430098db33c679b0b','2018-04-27 13:35:00','home_decor','online_medium','wolf','','','','manufacturer','',0.0),('a55b94066766f2d29fc22a3bb52d78f6','5181ea7b0d346ed14c5c07f0ff22b2b4','fdb16d3cbbeb5798f2f66c4096be026d','4ef15afb4b2723d8f3d81e51ec7afefe','2018-09-04 14:15:04','toys','online_big','cat','','','5-20','reseller','1000.0',180000.0),('f5da97d441cd42b0b26c10145b71a923','ee2fbacc2fc3794e656cc4d933d59ce7','9d12ef1a7eca3ec58c545c678af7869c','fbf4aef3f6915dc0c3c97d6812522f6a','2018-05-18 18:08:22','small_appliances','online_big','cat','','','','reseller','',0.0),('682e8ae60182137d74d90ada9e0947d8','7fc87cc3e89b3d1d5cabdca32f8485aa','a8387c01a09e99ce014107505b92388c','4ef15afb4b2723d8f3d81e51ec7afefe','2018-02-27 19:19:47','home_office_furniture','offline','cat','','','','manufacturer','',0.0),('77abef21c838da55e14ffc88016ce91f','eba08391609dfda5c016fdd264f9383b','068066e24f0c643eb1d089c7dd20cd73','6565aa9ce3178a5caf6171827af3a9ba','2018-01-12 16:07:27','home_decor','online_medium','','','','','reseller','',0.0),('46d9834fa62209a6504b2aabe46d7bfb','8b3317388df29d5fa94360a486ad3356','56bf83c4bb35763a51c2baab501b4c67','6565aa9ce3178a5caf6171827af3a9ba','2018-02-26 12:45:46','car_accessories','online_medium','cat','','','','reseller','',0.0),('009ff90f082aaa9fcd6e14caf65c7cc6','134285d1f41da5c13a756ee8142c8a4e','a8387c01a09e99ce014107505b92388c','9e4d1098a3b0f5da39b0bc48f9876645','2018-04-03 03:00:00','car_accessories','online_big','cat','','','','reseller','',0.0),('29b97ecc5839e61efb7bdc25e979d8c6','e9e446d01bd10a97a8ffcfc4a3a20cb2','09285259593c61296eef10c734121d5b','d3d1e91a157ea7f90548eef82f1955e3','2018-04-27 16:11:57','health_beauty','online_medium','cat','','','','reseller','',0.0),('8d6be534a8bdd08e11efe57c6ce3dd21','6061155addc1e54b4cfb51c1c2a32ad8','a8387c01a09e99ce014107505b92388c','2695de1affa7750089c0455f8ce27021','2018-04-27 20:44:40','pet','online_small','cat','','','','reseller','',0.0),('4979feabd6097fb6100fd36c3c32aae0','bba8d0c234a52b87b3957037a215d1a4','56bf83c4bb35763a51c2baab501b4c67','c638112b43f1d1b86dcabb0da720c901','2018-02-22 21:07:50','home_decor','online_small','cat','','','','manufacturer','',0.0),('5985e72b3752e4749926885db1b45be4','044668ccd5316b12a7cf0d54a156e3e9','56bf83c4bb35763a51c2baab501b4c67','4ef15afb4b2723d8f3d81e51ec7afefe','2018-01-31 21:00:13','food_drink','offline','','','','','reseller','',0.0),('048bb2f901e2c6f99bc9d26b78b47129','fc813dd7e04b8a1c9c10e8e9c10cd5f9','0a0fb2b07d841f84fb6714e35c723075','4ef15afb4b2723d8f3d81e51ec7afefe','2018-06-25 19:33:44','music_instruments','industry','cat','','','','reseller','',0.0),('58caf27a48e7930aefd5437298d64a70','922f6795c9e65f2485d4e63af76586ff','45749fb708130f78d0db07d8d80f030b','34d40cdaf94010a1d05b0d6212f9e909','2018-09-21 18:18:15','bed_bath_table','online_medium','cat, wolf','1','1','5-20','reseller','50.0',30000.0),('2b094148a9d10109b903715267c4dd14','224167f6e956da2f71c0e8dbdaa8bbf0','56bf83c4bb35763a51c2baab501b4c67','4ef15afb4b2723d8f3d81e51ec7afefe','2018-03-12 13:14:10','computers','offline','eagle','','','','reseller','',0.0),('e5f15cc640c8a7408103dd190ced966c','30a81d8cf85fb2ada1b1b094c9583a95','068066e24f0c643eb1d089c7dd20cd73','4ef15afb4b2723d8f3d81e51ec7afefe','2018-01-19 16:51:28','pet','online_top','','','','','reseller','',0.0),('a15880813bd2f137e9f6922cbb7255bf','7e417525a6ce49b708fd384e580fe3c4','a8387c01a09e99ce014107505b92388c','6565aa9ce3178a5caf6171827af3a9ba','2018-04-03 17:19:55','home_decor','online_medium','cat','','','','manufacturer','',0.0),('3bcc8997df233ab581f30dd65f14698c','b6cac2bb2d83cae903e336e6a993c795','34d40cdaf94010a1d05b0d6212f9e909','de63de0d10a6012430098db33c679b0b','2018-04-23 14:31:35','car_accessories','online_big','cat','','','','reseller','',0.0),('afac78e614dac1a1470030ea55c08eef','0ddefe3c7a032b91f4e25b9c3a08fca1','de63de0d10a6012430098db33c679b0b','6565aa9ce3178a5caf6171827af3a9ba','2018-02-09 15:35:51','household_utilities','online_small','cat','','','','reseller','',0.0),('d0b2ef3bdc9ed0fce3d672ec52dc9c00','45dfe11016c782d99a19f93dd34c300d','a8387c01a09e99ce014107505b92388c','060c0a26f19f4d66b42e0d8796688490','2018-03-16 14:17:34','car_accessories','online_medium','cat','','','','reseller','',0.0),('496515dec2a1c280f145f6ccb34851fb','6f835fd4be26989b1b064399da346143','09285259593c61296eef10c734121d5b','d3d1e91a157ea7f90548eef82f1955e3','2018-04-27 16:09:25','audio_video_electronics','online_medium','wolf','','','','reseller','',0.0),('17c77fd570aa86b74387fae66d9d4edd','3e35a8bb43569389d3cebef0ce820f69','de63de0d10a6012430098db33c679b0b','4ef15afb4b2723d8f3d81e51ec7afefe','2018-01-18 11:09:00','food_drink','industry','','','','','reseller','',0.0),('cc4ec90b270b9f1de8dc2d8864425252','a7d0f8dd44f57ef6de7f7f02e3d82630','b90f87164b5f8c2cfa5c8572834dbe3f','85fc447d336637ba1df43e793199fbc8','2018-04-27 21:38:40','health_beauty','online_medium','cat','','','','reseller','',0.0),('f0b314f185b80cf35d986e298db53fe3','a663d9c3797e90eac99ff60939416a56','34d40cdaf94010a1d05b0d6212f9e909','060c0a26f19f4d66b42e0d8796688490','2018-04-27 21:08:34','computers','online_beginner','cat','','','','reseller','',0.0),('902a621ebb8a96c516d34a58334eb0ee','2aef4c8187ab057d6f1b7e0e636aa481','e7dff61b78bebffa71678e126ce669ad','a8387c01a09e99ce014107505b92388c','2018-08-28 17:09:31','construction_tools_house_garden','online_beginner','','','','','reseller','4.0',6.0),('a1ad46372861ecf61fdab04c7bf5082e','8e3338430e8b66d28aa88fa892a00063','9e4d1098a3b0f5da39b0bc48f9876645','fbf4aef3f6915dc0c3c97d6812522f6a','2018-02-26 20:32:17','home_decor','online_small','cat','','','','reseller','',0.0),('7893b5468710641ad87f8b4aa1b8777d','3084dcdea01fe4f2d556540e6b2e873d','068066e24f0c643eb1d089c7dd20cd73','060c0a26f19f4d66b42e0d8796688490','2018-04-03 18:56:08','construction_tools_house_garden','industry','cat','','','','reseller','',0.0),('a82596c6fd3ed643b18a2a942eb6ddc9','a213f1bd6458f4a158f3746cb2514559','de63de0d10a6012430098db33c679b0b','d3d1e91a157ea7f90548eef82f1955e3','2018-04-26 16:05:43','computers','online_beginner','','','','','reseller','',0.0),('36f6d5bde803873f6bffe9949f258935','a56e351445e5863fc8960640ba9190c7','9e4d1098a3b0f5da39b0bc48f9876645','495d4e95a8cf8bbf8b432b612a2aa328','2018-02-26 20:02:10','home_decor','online_small','cat','','','','reseller','',0.0),('4ddc45a9de1065695a90e87be37471c0','9d590e1df0faffd9ceaa1f0f0ea9af2f','e7dff61b78bebffa71678e126ce669ad','2695de1affa7750089c0455f8ce27021','2018-09-21 18:49:49','audio_video_electronics','online_medium','wolf','1','1','5-20','reseller','50.0',0.0),('d2c1295f655a2d436edda96084211820','f49987b20beada69981c57899ffd1095','9d12ef1a7eca3ec58c545c678af7869c','56bf83c4bb35763a51c2baab501b4c67','2018-08-03 17:41:00','home_office_furniture','online_medium','wolf','','','','reseller','',0.0),('1cfef7cfd8d26b1ecb8b0eccca6366ca','5cb4a72356883c59790dc8309cddea2f','068066e24f0c643eb1d089c7dd20cd73','9ae085775a198122c5586fa830ff7f2b','2018-01-30 16:30:17','home_decor','online_medium','','','','','manufacturer','',0.0),('2708ccf204c47df56b5469327e900581','fcdd820084f17e9982427971e4e9d47f','de63de0d10a6012430098db33c679b0b','4ef15afb4b2723d8f3d81e51ec7afefe','2018-02-15 17:38:42','household_utilities','online_big','','','','','manufacturer','',0.0),('44ebc4e28c99d8aeaead73b4b70cc5e9','131fcb0a0c9a47bba4474aacff0f14b7','370c9f455f93a9a96cbe9bea48e70033','9e4d1098a3b0f5da39b0bc48f9876645','2018-04-20 03:00:00','home_appliances','online_medium','cat','','','','reseller','',0.0),('62e44187d92348c552952aa4bf152e90','3d5d0dc7073a299e31fa718ce1bc00b6','09285259593c61296eef10c734121d5b','4ef15afb4b2723d8f3d81e51ec7afefe','2018-05-07 16:42:08','health_beauty','online_medium','cat','','','','reseller','',0.0),('5931bbfb35cc483290f5dd6a9fda8ee5','0db0dce302e414422ed38aabd133ae04','4b339f9567d060bcea4f5136b9f5949e','2695de1affa7750089c0455f8ce27021','2018-06-18 12:46:31','food_supplement','industry','wolf','','','','manufacturer','',0.0),('0f2ad81c100f7a6c7475bd26ceb76cbf','3492e68f37fd1df87f4f2f2ea247f445','9e4d1098a3b0f5da39b0bc48f9876645','6565aa9ce3178a5caf6171827af3a9ba','2018-02-12 18:46:06','car_accessories','online_medium','cat','','','','reseller','',0.0),('cfccca319397a5ea2bb11bd90b0d925d','ba143b05f0110f0dc71ad71b4466ce92','370c9f455f93a9a96cbe9bea48e70033','9e4d1098a3b0f5da39b0bc48f9876645','2018-04-17 19:12:16','books','online_big','cat','','','','reseller','',0.0),('7281f75a3496aa1e3643f44cd5773a65','309405cfad0d11cd1ec6bb5d02c70c6b','4b339f9567d060bcea4f5136b9f5949e','495d4e95a8cf8bbf8b432b612a2aa328','2018-05-29 20:20:26','construction_tools_house_garden','online_big','cat','','','','manufacturer','',0.0),('1fcceea4a8f4e128f39d1fe92d66a0d9','e52d2f15bba4aff8a1e2bd12b40fdfbc','f42a2bd194f7802ab052a815c8de65b7','4ef15afb4b2723d8f3d81e51ec7afefe','2018-06-15 19:49:16','household_utilities','','cat','','','','reseller','',0.0),('1e2a84cd1c6fcd7b7a07f49f1cf7f6cc','f4009c6b30765309a251c26bc458e0e5','e7dff61b78bebffa71678e126ce669ad','9ae085775a198122c5586fa830ff7f2b','2018-08-07 19:47:27','stationery','industry','eagle, wolf','1','1','200+','reseller','',0.0),('1ab8d42d9e4a6b86010ac0a10c58fa86','11fb6f6d341adbe19e81733701704635','f42a2bd194f7802ab052a815c8de65b7','9ae085775a198122c5586fa830ff7f2b','2018-06-15 21:32:52','home_decor','online_medium','wolf','','','','reseller','',0.0),('b5372c821691eff5fb470f33af079a64','42fac6337d0f14ecdc18a82bfe6dd076','4b339f9567d060bcea4f5136b9f5949e','fbf4aef3f6915dc0c3c97d6812522f6a','2018-01-26 20:25:59','household_utilities','industry','','','','','reseller','',0.0);
/*!40000 ALTER TABLE `leads_closed` ENABLE KEYS */;
UNLOCK TABLES;

--
-- Table structure for table `leads_qualified`
--

DROP TABLE IF EXISTS `leads_qualified`;
/*!40101 SET @saved_cs_client     = @@character_set_client */;
/*!40101 SET character_set_client = utf8 */;
CREATE TABLE `leads_qualified` (
  `mql_id` varchar(32) DEFAULT NULL,
  `first_contact_date` varchar(10) DEFAULT NULL,
  `landing_page_id` varchar(32) DEFAULT NULL,
  `origin` varchar(17) DEFAULT NULL
) ENGINE=InnoDB DEFAULT CHARSET=utf8mb4;
/*!40101 SET character_set_client = @saved_cs_client */;

--
-- Dumping data for table `leads_qualified`
--

LOCK TABLES `leads_qualified` WRITE;
/*!40000 ALTER TABLE `leads_qualified` DISABLE KEYS */;
INSERT INTO `leads_qualified` VALUES ('dac32acd4db4c29c230538b72f8dd87d','2018-02-01','88740e65d5d6b056e0cda098e1ea6313','social'),('8c18d1de7f67e60dbd64e3c07d7e9d5d','2017-10-20','007f9098284a86ee80ddeb25d53e0af8','paid_search'),('b4bc852d233dfefc5131f593b538befa','2018-03-22','a7982125ff7aa3b2054c6e44f9d28522','organic_search'),('6be030b81c75970747525b843c1ef4f8','2018-01-22','d45d558f0daeecf3cccdffe3c59684aa','email'),('5420aad7fec3549a85876ba1c529bd84','2018-02-21','b48ec5f3b04e9068441002a19df93c6c','organic_search'),('28bdfd5f057764b54c38770f95c69f2f','2018-01-14','22c29808c4f815213303f8933030604c','organic_search'),('126a0d10becbaafcb2e72ce6848cf32c','2018-05-15','6a110e795dd487f1cf8d7583671987af','email'),('f76136f54d14a3345951f25b7932366b','2018-05-24','d51b0d02f063ba1d053db6d97226eec3','email'),('2f838cade4a6012a6cb1016d1d8d95ed','2017-11-10','aeac92c0f5ae22a04ed3b746cce3a1b6','organic_search'),('7281942387a1a0c3f72a50a8b0bb0920','2017-12-25','88740e65d5d6b056e0cda098e1ea6313','social'),('c534e2f89539e866011e1e75adfefbfb','2018-01-24','f017be4dbf86243af5c1ebed0cff36a2','unknown'),('c3764ab3fed8fbf556c87fdeaea744a9','2018-04-30','35c9b150ab36fe584c1f24fd458c453a','paid_search'),('a555fb36b9368110ede0f043dfc3b9a0','2018-04-04','2f08471dfb83baef522f952438a36f6e','referral'),('988c9372560f30a5f28f92640bb2b3da','2018-05-23','73f31a40697cc90a86c1273563ac230e','organic_search'),('327174d3648a2d047e8940d7d15204ca','2018-04-03','1ceb590cd1e00c7ee95220971f82693d','organic_search'),('a5448d7164426cc7f3260a7b2001e3e6','2017-12-08','bdaeb752e5c3caa215ebe04c61e22325','paid_search'),('6dda8f32d9ddc2a9ffe87be7d361a5c9','2018-02-16','b76ef37428e6799c421989521c0e5077','unknown'),('be8f254ef25c5a40ac8b395ed4fc6033','2018-01-13','1d4ddc25ccaa2adeded340b6eda66182','organic_search'),('3183fc21acb07e30098c42484e12d697','2018-01-15','22c29808c4f815213303f8933030604c','direct_traffic'),('8051b43253152a39fe9367c69b79b42b','2018-02-23','a7982125ff7aa3b2054c6e44f9d28522','organic_search'),('443a4c031f05c42f729a1ff2ac219b5a','2017-07-25','3cd2a8301d5395f21cdd3094c9eaa2f4','paid_search'),('e1b036022a6aaa7d187caae163216533','2017-07-13','caef563a428392ddc7807d2a529413b9','organic_search'),('29860f5735fc4987b5f8ef3ee2767847','2018-03-12','a7982125ff7aa3b2054c6e44f9d28522','unknown'),('4bdc2dfb783f8c24c6d0d032a623febc','2018-04-14','22c29808c4f815213303f8933030604c','organic_search'),('6d1ca411fcbc6a21484877d59be651db','2017-12-31','22c29808c4f815213303f8933030604c','display'),('b12b646e693cbf411f8eaae5204ffdfe','2017-09-11','b48ec5f3b04e9068441002a19df93c6c','organic_search'),('e3154fc901362537cc34b26fd18f0f05','2018-05-29','ece960c5dab1a015cc1cb5a419b0c63b','referral'),('f101b87d3b9adb48f2016bf059067ea2','2018-05-02','d83b0d0e48c8447d1d5507a44027a955','organic_search'),('a8b32485ea3dafd7c06f87afe4f7c6d2','2018-04-15','22c29808c4f815213303f8933030604c','social'),('2f0bf07b716733d56ffa0b68cfe3823f','2018-05-08','30534107aa0013db92899c96a1017d0b','social'),('676c0c9be43fd984c92b0ecfdab3c0d9','2017-12-31','15cf89bab2c3163b4f9d8601d108f8b2','display'),('5f62b80e297edbcbfb1bb211062834e9','2018-01-26','22c29808c4f815213303f8933030604c','paid_search'),('b62db8fadd1b177cc5ed1d239d6e2f1e','2018-02-22','a7982125ff7aa3b2054c6e44f9d28522','organic_search'),('f0b8024455e6c0cb3ab7495325afee5c','2018-05-11','58326e62183c14b0c03085c33b9fdc44','social'),('2f20c4826f9fabdb206537363642dd65','2018-04-18','0218f6be0b76aca72ab4d00ee9e8cf10','paid_search'),('65855f77bb6ee720c0a940b9cf8101a9','2017-09-26','e492ee5eaf1697716985cc6f33f9cd9b','referral'),('91ae48805e8e96055d454f043054059b','2018-03-07','f017be4dbf86243af5c1ebed0cff36a2','display'),('899c617012fd3225c396958f91b21f84','2018-03-16','b76ef37428e6799c421989521c0e5077','unknown'),('365aa59e779547d7e081b220f8fa67ac','2017-09-29','f017be4dbf86243af5c1ebed0cff36a2','organic_search'),('f5fee8f7da74f4887f5bcae2bafb6dd6','2018-01-14','22c29808c4f815213303f8933030604c','paid_search'),('82ade9609d9915ca5e830df04b7d90e2','2018-01-03','22c29808c4f815213303f8933030604c','referral'),('1d833a78ef4b542f594ef2cd734e1d14','2018-05-30','d823616cbcb84fff516db22f366caaa5','paid_search'),('9cfc99e322c9ce9f0fcfe1843113b472','2018-03-28','ea0650174e273c41e12002dcdd4708be','direct_traffic'),('2b6319cb1c507418504e28bf285072ee','2018-02-05','f017be4dbf86243af5c1ebed0cff36a2','organic_search'),('4c721b2017d5fb477659ba48277446de','2018-02-17','5209e2e679d32a6619feb6942702fd14','organic_search'),('9cb7b5ea641f6919eec4a49c7957c6e0','2017-07-06','ee3c3bad6ed3eb9d5de56688d1f9c91b','unknown'),('ce8d8333fc3f225ab596b0505fbdb2cf','2018-04-19','58326e62183c14b0c03085c33b9fdc44','social'),('fe629597eb47defc9ff1e96bbd47277c','2018-04-05','22c29808c4f815213303f8933030604c','direct_traffic'),('656b60bbc8395b4e80dc1cc6a3cf1ef2','2018-02-28','b76ef37428e6799c421989521c0e5077','organic_search'),('0e4b276ab6c5b327772e80cc543a0049','2018-01-22','241f79c7a8fe0270f4fb79fcbbcd17ad','paid_search'),('196a347f6fbe48ecb3c53a261119729e','2017-10-19','a5f7caba65f90d45005f62cb85bced39','email'),('312ec7f8d4615d6dd78477a4f581c612','2017-10-10','f98c2bd96ac4a5d9476734e790c91384','paid_search'),('56c25287be94f28752503a1cb341c896','2017-08-07','b76ef37428e6799c421989521c0e5077','organic_search'),('710ba53b0d353329706ee1bedf4b9b39','2017-08-10','ef0b482996664cc1107b9051efd3ca84','organic_search'),('80b7b0e690b99b5246e4b11990fb8184','2017-09-12','87732658ba41d8775e8577df347a64db','social'),('19e733acd3ee9f9362a484e5915c132b','2018-03-06','b76ef37428e6799c421989521c0e5077','unknown'),('b34757e1761fdbe6d687ecf4d698447a','2017-07-10','c2f7f172d3275d27cba772ab70ac3052','social'),('8e7af20b649bd58357ffc4aa7cf5e88f','2018-02-08','88740e65d5d6b056e0cda098e1ea6313','social'),('96add356f09fd7a5941ebb73c114b051','2018-01-10','a56671a54260a44923d32c2f08fad39c','direct_traffic'),('8e952443b19bfc5d0b90e6c4eabcb8fb','2018-01-28','21a104c3279681d9856b8a48723c4fee',''),('06dc745ebe65fdc0b40a6360a1876967','2018-05-25','58326e62183c14b0c03085c33b9fdc44','social'),('5134cb3d435ee631ad39aaa79f8874d0','2017-10-21','ce1a65abd0973638f1c887a6efcfa82d','direct_traffic'),('5ff3fd94bc09fae5dab3de636b8f130c','2018-01-29','65d9f9d71e562365e8b44037c2888d98','paid_search'),('4cc863f5bb92c44a3936263859171e53','2018-05-09','f80696b73d17fb34f5c4fde157f119d8','other_publicities'),('936c567e63dabf5ab46ed2440f376fc8','2018-02-20','88740e65d5d6b056e0cda098e1ea6313','social'),('1ca6bbff2b5e3a0f442e1407ec1c1654','2018-04-26','ce1a65abd0973638f1c887a6efcfa82d','organic_search'),('c3804daac5b8859f0975d20c9fe3370e','2018-01-05','707541550a71b1e700bbd4cf90677923','organic_search'),('ffe640179b554e295c167a2f6be528e0','2017-10-09','a0fbc0263cb98bdb0d72b9f9f283a172','unknown'),('e66d9dab8705f19bd91b48f1a6bc5487','2018-05-20','22c29808c4f815213303f8933030604c','organic_search'),('8631e5b91354a846f00dbbf16ad94259','2018-04-12','73f31a40697cc90a86c1273563ac230e','other'),('e7cdf7ba8ccaec414712f15d40280d50','2017-07-11','c754e5846c791d26b1c34070c41adf6e','other'),('ac83d3f400e95a5d31e7c59d2743bf73','2017-07-08','30077c17f2ec5010a82e37ad8925b95f','organic_search'),('aa839cfb74f9e5ae2a89572a0093dd58','2018-01-29','88740e65d5d6b056e0cda098e1ea6313','social'),('a51d33efc990731cb31eb6e9bcf79670','2018-03-07','88740e65d5d6b056e0cda098e1ea6313','social'),('280d8c73b56b79f1059539da36c7ae4a','2018-05-11','b76ef37428e6799c421989521c0e5077',''),('a8de839ca3b50ef2eac03640ccf56afd','2017-09-05','87732658ba41d8775e8577df347a64db','social'),('c2411c0857a5002c42d2b16457deba2f','2017-08-07','22c29808c4f815213303f8933030604c','paid_search'),('2f159dfb71adadd9ed3956f59a97c248','2018-05-25','330b9d44078a1ae5a221d655dcb77afa','email'),('ef4fc148f9ea60330eb0df54b1349a2d','2017-08-27','3cd2a8301d5395f21cdd3094c9eaa2f4','paid_search'),('b94fba7670eeb44dce2a0d8eb790e9f5','2018-02-06','40dec9f3d5259a3d2dbcdab2114fae47','organic_search'),('09ec0f40d1fec53253882a9f9f913cbd','2017-08-24','22c29808c4f815213303f8933030604c','referral'),('38d278dbb9c22bb5190e920ce2ed5fff','2017-11-14','b76ef37428e6799c421989521c0e5077','unknown'),('c3e30ed7ac989117c7e1e719b4ac128f','2018-02-20','e492ee5eaf1697716985cc6f33f9cd9b','direct_traffic'),('437aadef672e77658e88fa71c9bd224c','2017-10-18','b76ef37428e6799c421989521c0e5077','unknown'),('010d18a1aeff169f741b6fe97fdd6a1d','2018-01-30','40dec9f3d5259a3d2dbcdab2114fae47','paid_search'),('9c975e80ae0c16ac742ab69f9750ce6d','2018-05-14','b76ef37428e6799c421989521c0e5077','unknown'),('b02c89251106e1fdd9d92744be9f94f2','2018-04-13','b76ef37428e6799c421989521c0e5077','unknown'),('56acc3070ab7205fcdb09ec5c8071dac','2017-10-16','c6f28f804cf6330e6de735ef6e6fe95c','paid_search'),('3aab3d6ff7ff48ac335703d9125ad2a7','2017-11-24','1722481ac9e5371e5099dea226b5421d','display'),('fc90ef8f569ff0eecfdc2c3860ee64a1','2018-03-24','007f9098284a86ee80ddeb25d53e0af8','paid_search'),('e7a7ba56b1be30e178cd52820e063396','2017-09-15','007f9098284a86ee80ddeb25d53e0af8','paid_search'),('16ff2a6adf8f3b8d2ec7bb6777eac8a0','2018-03-21','ce1a65abd0973638f1c887a6efcfa82d','organic_search'),('65c6cd63f9c7a97d36b6648b1795f35e','2018-03-21','e492ee5eaf1697716985cc6f33f9cd9b','organic_search'),('c24c47dd1b2e9aac64cab553d94a22d7','2018-01-01','40dec9f3d5259a3d2dbcdab2114fae47','referral'),('e8520871e749a7ea9fb362d1805f28be','2018-03-20','65d9f9d71e562365e8b44037c2888d98','direct_traffic'),('f56fd81299f45d30fae410987983d000','2017-11-16','ce1a65abd0973638f1c887a6efcfa82d','organic_search'),('c1ca185ea0fad2ac9c1e9bf8e21c793e','2018-04-20','ce1a65abd0973638f1c887a6efcfa82d','organic_search'),('9078bbd890a90f1aa3c5e8d972394eb6','2018-05-14','a7982125ff7aa3b2054c6e44f9d28522','display'),('a90a37898cc5f2718385a2fb981caaff','2018-04-27','58326e62183c14b0c03085c33b9fdc44','social'),('2f384466a8f3cc12bbd45d984ff77765','2018-03-14','b76ef37428e6799c421989521c0e5077','unknown');
/*!40000 ALTER TABLE `leads_qualified` ENABLE KEYS */;
UNLOCK TABLES;

--
-- Table structure for table `order_items`
--

DROP TABLE IF EXISTS `order_items`;
/*!40101 SET @saved_cs_client     = @@character_set_client */;
/*!40101 SET character_set_client = utf8 */;
CREATE TABLE `order_items` (
  `order_id` varchar(32) DEFAULT NULL,
  `order_item_id` tinyint(4) DEFAULT NULL,
  `product_id` varchar(32) DEFAULT NULL,
  `seller_id` varchar(32) DEFAULT NULL,
  `shipping_limit_date` varchar(19) DEFAULT NULL,
  `price` decimal(6,2) DEFAULT NULL,
  `freight_value` decimal(5,2) DEFAULT NULL
) ENGINE=InnoDB DEFAULT CHARSET=utf8mb4;
/*!40101 SET character_set_client = @saved_cs_client */;

--
-- Dumping data for table `order_items`
--

LOCK TABLES `order_items` WRITE;
/*!40000 ALTER TABLE `order_items` DISABLE KEYS */;
INSERT INTO `order_items` VALUES ('00010242fe8c5a6d1ba2dd792cb16214',1,'4244733e06e7ecb4970a6e2683c13e61','48436dade18ac8b2bce089ec2a041202','2017-09-19 09:45:35',58.90,13.29),('00018f77f2f0320c557190d7a144bdd3',1,'e5f2d52b802189ee658865ca93d83a8f','dd7ddc04e1b6c2c614352b383efe2d36','2017-05-03 11:05:13',239.90,19.93),('000229ec398224ef6ca0657da4fc703e',1,'c777355d18b72b67abbeef9df44fd0fd','5b51032eddd242adc84c38acab88f23d','2018-01-18 14:48:30',199.00,17.87),('00024acbcdf0a6daa1e931b038114c75',1,'7634da152a4610f1595efa32f14722fc','9d7a1d34a5052409006425275ba1c2b4','2018-08-15 10:10:18',12.99,12.79),('00042b26cf59d7ce69dfabb4e55b4fd9',1,'ac6c3623068f30de03045865e4e10089','df560393f3a51e74553ab94004ba5c87','2017-02-13 13:57:51',199.90,18.14),('00048cc3ae777c65dbb7d2a0634bc1ea',1,'ef92defde845ab8450f9d70c526ef70f','6426d21aca402a131fc0a5d0960a3c90','2017-05-23 03:55:27',21.90,12.69),('00054e8431b9d7675808bcb819fb4a32',1,'8d4f2bb7e93e6710a28f34fa83ee7d28','7040e82f899a04d1b434b795a43b4617','2017-12-14 12:10:31',19.90,11.85),('000576fe39319847cbb9d288c5617fa6',1,'557d850972a7d6f792fd18ae1400d9b6','5996cddab893a4652a15592fb58ab8db','2018-07-10 12:30:45',810.00,70.75),('0005a1a1728c9d785b8e2b08b904576c',1,'310ae3c140ff94b03219ad0adc3c778f','a416b6a846a11724393025641d4edd5e','2018-03-26 18:31:29',145.95,11.65),('0005f50442cb953dcd1d21e1fb923495',1,'4535b0e1091c278dfd193e5a1d63b39f','ba143b05f0110f0dc71ad71b4466ce92','2018-07-06 14:10:56',53.99,11.40),('00061f2a7bc09da83e415a52dc8a4af1',1,'d63c1011f49d98b976c352955b1c4bea','cc419e0650a3c5ba77189a1882b7556a','2018-03-29 22:28:09',59.99,8.88),('00063b381e2406b52ad429470734ebd5',1,'f177554ea93259a5b282f24e33f65ab6','8602a61d680a10a82cceeeda0d99ea3d','2018-07-31 17:30:39',45.00,12.98),('0006ec9db01a64e59a68b2c340bf65a7',1,'99a4788cb24856965c36a24e339b6058','4a3ca9315b744ce9f8e9374361493884','2018-07-26 17:24:20',74.00,23.32),('0008288aa423d2a3f00fcb17cd7d8719',1,'368c6c730842d78016ad823897a372db','1f50f920176fa81dab994f9023523100','2018-02-21 02:55:52',49.90,13.37),('0008288aa423d2a3f00fcb17cd7d8719',2,'368c6c730842d78016ad823897a372db','1f50f920176fa81dab994f9023523100','2018-02-21 02:55:52',49.90,13.37),('0009792311464db532ff765bf7b182ae',1,'8cab8abac59158715e0d70a36c807415','530ec6109d11eaaf87999465c6afee01','2018-08-17 12:15:10',99.90,27.65),('0009c9a17f916a706d71784483a5d643',1,'3f27ac8e699df3d300ec4a5d8c5cf0b2','fcb5ace8bcc92f75707dc0f01a27d269','2018-05-02 09:31:53',639.00,11.34),('000aed2e25dbad2f9ddb70584c5a2ded',1,'4fa33915031a8cde03dd0d3e8fb27f01','fe2032dab1a61af8794248c8196565c9','2018-05-16 20:57:03',144.00,8.77),('000c3e6612759851cc3cbb4b83257986',1,'b50c950aba0dcead2c48032a690ce817','218d46b86c1881d022bce9c68a7d4b15','2017-08-21 03:33:13',99.00,13.71),('000e562887b1f2006d75e0be9558292e',1,'5ed9eaf534f6936b51d0b6c5e4d5c2e9','8cbac7e12637ed9cffa18c7875207478','2018-02-28 12:08:37',25.00,16.11),('000e63d38ae8c00bbcb5a30573b99628',1,'553e0e7590d3116a072507a3635d2877','1c129092bf23f28a5930387c980c0dfc','2018-03-29 20:07:49',47.90,8.88),('000e906b789b55f64edcb1f84030f90d',1,'57d79905de06d8897872c551bfd09358','ea8482cd71df3c1969d7b9473ff13abc','2017-11-27 19:09:02',21.99,11.85),('000f25f4d72195062c040b12dce9a18a',1,'1c05e0964302b6cf68ca0d15f326c6ba','7c67e1448b00f6e969d365cea6b010ab','2018-03-21 11:10:11',119.99,44.40),('001021efaa8636c29475e7734483457d',1,'5d7c23067ed3fc8c6e699b9373d5890b','6560211a19b47992c3666cc44a7e94c0','2018-03-05 09:35:41',49.00,15.10),('0010b2e5201cc5f1ae7e9c6cc8f5bd00',1,'5a419dbf24a8c9718fe522b81c69f61a','3504c0cb71d7fa48d967e0e4c94d59d9','2017-09-15 18:04:37',48.90,16.60),('00119ff934e539cf26f92b9ef0cdfed8',1,'21b1c2f67a9aafb5af0eb06c13b9dbda','c864036feaab8c1659f65ea4faebe1da','2017-08-11 00:35:12',219.90,16.98),('0011d82c4b53e22e84023405fb467e57',1,'c389f712c4b4510bc997cee93e8b1a28','bfd27a966d91cfaafdb25d076585f0da','2018-01-29 21:51:25',289.00,26.33),('00125cb692d04887809806618a2a145f',1,'1c0c0093a48f13ba70d0c6b0a9157cb7','41b39e28db005d9731d9d485a83b4c38','2017-03-29 13:05:42',109.90,25.51),('00130c0eee84a3d909e75bc08c5c3ca1',1,'89321f94e35fc6d7903d36f74e351d40','16090f2ca825584b5a147ab24aa30c86','2018-06-14 05:16:24',27.90,7.94),('0013503b13da1eac686219390b7d641b',1,'38afdf723b95d455b418a0f57d623c6b','1554a68530182680ad5c8b042c3ab563','2017-12-13 03:16:36',119.90,17.32),('00137e170939bba5a3134e2386413108',1,'672e757f331900b9deea127a2a7b79fd','e59aa562b9f8076dd550fcddf0e73491','2017-11-30 06:30:55',397.00,24.65),('001427c0ec99cf8af737bd88e92fd444',1,'28b4eced95a52d9c437a4caf9d311b95','77530e9772f57a62c906e1c21538ab82','2018-04-12 19:08:28',59.90,23.35),('00143d0f86d6fbd9f9b38ab440ac16f5',1,'e95ee6822b66ac6058e2e4aff656071a','a17f621c590ea0fab3d5d883e1630ec6','2017-10-20 16:07:52',21.33,15.10),('00143d0f86d6fbd9f9b38ab440ac16f5',2,'e95ee6822b66ac6058e2e4aff656071a','a17f621c590ea0fab3d5d883e1630ec6','2017-10-20 16:07:52',21.33,15.10),('00143d0f86d6fbd9f9b38ab440ac16f5',3,'e95ee6822b66ac6058e2e4aff656071a','a17f621c590ea0fab3d5d883e1630ec6','2017-10-20 16:07:52',21.33,15.10),('0014ae671de39511f7575066200733b7',1,'23365beed316535b4105bd800c46670e','92eb0f42c21942b6552362b9b114707d','2017-05-29 03:15:24',16.50,14.10),('0015ebb40fb17286bea51d4607c4733c',1,'50fd2b788dc166edd20512370dac54df','8b321bb669392f5163d04c59e235e066','2018-01-18 09:11:24',21.90,15.10),('00169e31ef4b29deaae414f9a5e95929',1,'b10eba910a974df70b8a12d0665cdb9e','a3e9a2c700480d9bb01fba070ba80a0e','2018-01-23 03:35:47',39.00,16.11),('0016dfedd97fc2950e388d2971d718c7',1,'4089861a1bd4685da70bddd6b4f974f1','a35124e2d763d7ca3fbe3b97d143200f','2017-05-05 10:05:12',49.75,20.80),('0017afd5076e074a48f1f1a4c7bac9c5',1,'fe59a1e006df3ac42bf0ceb876d70969','25c5c91f63607446a97b143d2d535d31','2017-04-24 22:25:19',809.10,44.29),('001862358bf858722e1e2ae000cfed8b',1,'c6dd917a0be2a704582055949915ab32','7a67c85e85bb2ce8582c35f2203ad736','2018-02-13 19:10:37',99.99,13.72),('0019c29108428acffd089c36103c9440',1,'28b4eced95a52d9c437a4caf9d311b95','77530e9772f57a62c906e1c21538ab82','2018-03-12 06:50:26',59.90,19.95),('001ab0a7578dd66cd4b0a71f5b6e1e41',1,'0b0172eb0fd18479d29c3bc122c058c2','5656537e588803a555b8eb41f07a944b','2018-01-04 02:33:42',24.89,17.63),('001ab0a7578dd66cd4b0a71f5b6e1e41',2,'0b0172eb0fd18479d29c3bc122c058c2','5656537e588803a555b8eb41f07a944b','2018-01-04 02:33:42',24.89,17.63),('001ab0a7578dd66cd4b0a71f5b6e1e41',3,'0b0172eb0fd18479d29c3bc122c058c2','5656537e588803a555b8eb41f07a944b','2018-01-04 02:33:42',24.89,17.63),('001ac194d4a326a6fa99b581e9a3d963',1,'dbaee28f4ee64465838a229582d77520','ffc470761de7d0232558ba5e786e57b7','2018-07-10 02:51:10',54.00,8.54),('001b76dd48a5b1eee3e87778daa40df8',1,'dbb67791e405873b259e4656bf971246','9c0e69c7bf2619675bbadf47b43f655a','2018-04-02 17:50:17',81.99,13.01),('001c85b5f68d2be0cb0797afc9e8ce9a',1,'84f456958365164420cfc80fbe4c7fab','4a3ca9315b744ce9f8e9374361493884','2017-11-29 22:38:47',99.00,13.71),('001d8f0e34a38c37f7dba2a37d4eba8b',1,'e67307ff0f15ade43fcb6e670be7a74c','f4aba7c0bca51484c30ab7bdc34bcdd1','2017-05-18 17:35:11',18.99,7.78),('001d8f0e34a38c37f7dba2a37d4eba8b',2,'e67307ff0f15ade43fcb6e670be7a74c','f4aba7c0bca51484c30ab7bdc34bcdd1','2017-05-18 17:35:11',18.99,7.78),('001daeb0eddc45b999bad0801ad9d273',1,'30c01cc81c9eb80469371743813789cc','f45122a9ab94eb4f3f8953578bc0c560','2017-05-25 02:15:20',38.33,16.79),('001dbc16dc51075e987543d23a0507c7',1,'777d2e438a1b645f3aec9bd57e92672c','4a3ca9315b744ce9f8e9374361493884','2017-02-01 13:17:57',69.90,18.00),('001e7ba991be1b19605ca0316e7130f9',1,'884fa3cd42986ba480ea2f8ae4e25ff7','3340ef1913fb70d28420f6ceb685c339','2017-03-23 11:47:37',195.00,18.21),('001e7cf2ad6bef3ade12ebc56ceaf0f3',1,'bdcf6a834e8faa30dac3886c7a58e92e','2a84855fd20af891be03bc5924d2b453','2018-05-22 10:59:50',35.90,15.20),('0020262c8a370bd5a174ea6a2a267321',1,'a5341e3f8155dbb3e62323d3ea289729','ff063b022a9a0aab91bad2c9088760b7','2017-12-04 09:58:07',79.50,21.05),('0020a222f55eb79a372d0efee3cca688',1,'e19ddcc85537b41f22116c8d5425ef46','8a32e327fe2c1b3511609d81aaf9f042','2017-08-21 03:03:44',29.99,15.10),('002175704e8b209f61b9ad5cfd92b60e',1,'e6b6e13cf71449a457269f425b89dc74','b2ba3715d723d245138f291a6fe42594','2018-04-26 12:30:57',109.90,13.21),('00229e4e43f7a7e0b9dd819ad43268d3',1,'13fcfc313dfb2217e5ee3000a702f9ef','c3cfdc648177fdbbbb35635a37472c53','2018-04-10 16:50:11',74.90,16.49),('0025081dcf9330f9a5052ae82c6ce396',1,'4e3f399366b0047a572b6682f9bb166e','5f3ae9136c875522250f8184f253413a','2018-04-02 16:35:20',14.95,18.23),('00254baeb6c932b0a8aeead91fbd02b5',1,'18901878788fec7ddc55e64d1ace8187','e8b4225284fbb02d16f200513f1f395d','2018-05-14 22:14:46',149.90,43.11),('00259a44fcad3fc0474329e925d14fc3',1,'0c4d0a08f95c7b7dc5dc7402bfdafd4c','9f505651f4a6abe901a56cdc21508025','2018-01-03 17:59:35',19.99,14.10),('0025c5d1a8ca53a240ec2634bb4492ea',1,'35537536ed2b4c561b4018bf3abf54e0','955fee9216a65b617aa5c0531780ce60','2018-07-10 09:30:09',390.00,29.39),('002611a77fe03d076285fd4ca95db77c',1,'fe077ec80df6b4ee60bb4498d5ab1962','87142160b41353c4e5fca2360caf6f92','2018-03-07 02:49:09',135.00,21.75),('002691433f09002ac9ca0c4e8dbb8ead',1,'430d215740da7fdda91cc938f8fd92f6','0887a9f087bcd5d9f6642b52f897fc6c','2017-02-06 21:18:03',104.00,16.43),('0026a368634b6e6f34f33b1499773a30',1,'892832da5b05b0f54578e1f14f193c22','12b9676b00f60f3b700e83af21824c0e','2017-11-10 21:26:45',149.00,15.80),('00275bce676303c3bfd7292aefdfa223',1,'6490b9f63b0b595e1c1402b46b0f50ad','99eaacc9e6046db1c82b163c5f84869f','2017-12-04 03:32:47',279.90,13.46),('00276d5c3491fbf55305e26891040df9',1,'71c89e9d8fa274b017279aa322cd0e19','8f78f0903005064036736c7173a5c2ed','2018-02-27 11:55:57',44.90,23.22),('002834535f7a609a5c68266f173fa59e',1,'df3655ac9aa8c6cbfa63bdd8d3b09c50','ea8482cd71df3c1969d7b9473ff13abc','2018-07-26 17:44:36',37.99,19.18),('0028de0ca693a1bb26448916a81105cc',1,'059344baebbeaa42fa9f2bbe11b1583e','955fee9216a65b617aa5c0531780ce60','2018-08-21 03:35:17',29.99,15.31),('002955b0acc63d04f6724a31967e82bd',1,'d9bdf643d95cb89844c0da1a0df1d16e','058fd0aa2bfdb2274e05e1ae971dabb6','2017-12-22 15:51:31',120.00,15.59),('0029c5db35ef291ce99d1262012e7daa',1,'7614c62b86a81021243e438cfde78ccc','900ba814c251a692506d7834c1218441','2018-09-03 03:50:23',492.75,21.62),('0029f17cf0e7640c5cb6825af681303f',1,'01c666c82f414c762ad21bffa56e8b49','d3dcf0604eabf0224fbd5948b5e02f69','2018-05-08 12:14:52',94.90,18.54),('002af7fa9eb99d1456bceb6a13d6fc0b',1,'c2ece64199af7a53793ed9612a89a8cd','6c7d50c24b3ccd2fd83b44d8bb34e073','2018-02-22 19:46:50',88.34,21.11),('002b430ff89b3a24c31a1170acbbedea',1,'cc47c0863559499f01b4cad750929d10','7a67c85e85bb2ce8582c35f2203ad736','2017-06-26 22:10:14',199.99,65.56),('002b4e6fa42cd4a22cc86abc18fe9c05',1,'a6f449f6257f26e556013151cee46b4b','b1a81260566c1bac3114a6d124413f27','2018-03-15 10:35:37',99.90,19.67),('002c9def9c9b951b1bec6d50753c9891',1,'2d9ff06c8870a518f5f6909774e140fb','00720abe85ba0859807595bbf045a33b','2018-05-21 17:32:03',78.00,8.90),('002c9def9c9b951b1bec6d50753c9891',2,'2d9ff06c8870a518f5f6909774e140fb','00720abe85ba0859807595bbf045a33b','2018-05-21 17:32:03',78.00,8.90),('002d040018d12a3853c059f7f23ab5b1',1,'97c58626cc3e15d514d2095f69650220','fe2032dab1a61af8794248c8196565c9','2017-11-27 03:47:23',155.00,14.84),('002f16b7bc4530031b7d90f791b12d8a',1,'d54c5b81fc2b38707588dd4eddc7c594','0241d4d5d36f10f80c644447315af0bd','2018-07-04 17:11:12',249.90,34.23),('002f19a65a2ddd70a090297872e6d64e',1,'9eae06d51aaa383b2bed5547a19d581c','1835b56ce799e6a4dc4eddc053f04066','2018-03-27 13:15:27',53.98,23.31),('002f98c0f7efd42638ed6100ca699b42',1,'d41dc2f2979f52d75d78714b378d4068','7299e27ed73d2ad986de7f7c77d919fa','2017-08-10 09:30:15',8.99,32.57),('002f98c0f7efd42638ed6100ca699b42',2,'880be32f4db1d9f6e2bec38fb6ac23ab','fa40cc5b934574b62717c68f3d678b6d','2017-08-10 09:30:15',44.90,7.16),('0030d783f979fbc5981e75613b057344',1,'ae27a5524edb2c8dc4656c670f458fb7','8e6cc767478edae941d9bd9eb778d77a','2017-11-29 23:13:38',60.60,17.67),('0030ff924c38549807645976adeef2c0',1,'bd7cab8de4d7943286634023cc06f8ff','855668e0971d4dfd7bef1b6a4133b41b','2018-04-06 17:10:21',225.00,67.24),('00310b0c75bb13015ec4d82d341865a4',1,'c8e7c2ef329fcda4a233e7e2f8bb8b7d','a2deecd5398f5df4987110c80a1972a3','2018-08-17 15:04:25',39.90,15.38),('00324b3eda39ba5ecce3945823e3594c',1,'54e5063e43f27f747d592eb24e913150','0dd184061fb0eaa7ca37932c68ab91c5','2018-04-17 09:12:11',76.00,34.07),('0032d07457ae9c806c79368d7d9ce96b',1,'08279c494018541f71443c07d77560f8','e333046ce6517bd8bb510291d44f0130','2018-03-15 19:28:51',159.00,27.19),('003324c70b19a16798817b2b3640e721',1,'2b939dc9b176d7fa21594d588815d4a4','dbc22125167c298ef99da25668e1011f','2017-05-24 19:22:34',102.90,14.45),('003324c70b19a16798817b2b3640e721',2,'2b939dc9b176d7fa21594d588815d4a4','dbc22125167c298ef99da25668e1011f','2017-05-24 19:22:34',102.90,14.45),('00335b686d693c7d72deeb12f8e89227',1,'87b08e712cc4c9fe70984c5a24b29e2f','f00e21b1e91a79653163b7fd8f293ff1','2017-07-28 03:45:26',63.90,16.89),('00335f75ea6a4455b524a8dd177067f5',1,'e1bf2f209fd2b08e1af3ed71732d9008','70c27847eca8195c983ed7e798c56743','2018-05-02 22:10:29',168.80,8.21),('00337fe25a3780b3424d9ad7c5a4b35e',1,'1f9799a175f50c9fa725984775cac5c5','cfb1a033743668a192316f3c6d1d2671','2017-09-29 17:50:16',59.90,9.94),('00337fe25a3780b3424d9ad7c5a4b35e',2,'13944d17b257432717fd260e69853140','cfb1a033743668a192316f3c6d1d2671','2017-09-29 17:50:16',59.90,9.94),('003423b755b562962a6225a8de40d12e',1,'84904413b82eee333a3f79137e8d197e','23c38debaffe4a25a30fdbd9b586a13f','2018-07-18 04:25:09',232.75,28.58),('00345f338696283410b7977d2e3efc89',1,'0f2fd0a589cb7849c1dbedbd4109c2f8','516e7738bd8f735ac19a010ee5450d8d','2018-08-23 15:11:40',48.90,18.44),('0035246a40f520710769010f752e7507',1,'8a6187b2665118d5095f99a25fd7ba7a','4a3ca9315b744ce9f8e9374361493884','2017-08-23 01:25:39',87.00,12.11),('0035c0b07126fe9c24a325216fb96064',1,'ec02a5d380128f7a188e9ce8f3ddd832','8444e55c1f13cd5c179851e5ca5ebd00','2017-12-12 01:29:45',131.90,18.54),('0035e6b7ade84b3f5b86bd49814793df',1,'71a5f1c2a5fd9889ef26b5ac22aec9c6','537eb890efff034a88679788b647c564','2018-02-27 03:31:08',19.90,14.10),('0036757472ece3dde52fd4bfd929c90e',1,'4c1bbc12438daec98a77243c2bf7a3ba','7c67e1448b00f6e969d365cea6b010ab','2018-08-08 15:10:11',136.99,66.04),('0036887767dea4bd43b1a88cd0d9477a',1,'3a264b078bf20e98f315ff65c23fa263','46dc3b2cc0980fb8ec44634e21d2718e','2017-10-19 01:07:30',399.99,23.64);
/*!40000 ALTER TABLE `order_items` ENABLE KEYS */;
UNLOCK TABLES;

--
-- Table structure for table `order_payments`
--

DROP TABLE IF EXISTS `order_payments`;
/*!40101 SET @saved_cs_client     = @@character_set_client */;
/*!40101 SET character_set_client = utf8 */;
CREATE TABLE `order_payments` (
  `order_id` varchar(32) DEFAULT NULL,
  `payment_sequential` tinyint(4) DEFAULT NULL,
  `payment_type` varchar(11) DEFAULT NULL,
  `payment_installments` tinyint(4) DEFAULT NULL,
  `payment_value` decimal(7,2) DEFAULT NULL
) ENGINE=InnoDB DEFAULT CHARSET=utf8mb4;
/*!40101 SET character_set_client = @saved_cs_client */;

--
-- Dumping data for table `order_payments`
--

LOCK TABLES `order_payments` WRITE;
/*!40000 ALTER TABLE `order_payments` DISABLE KEYS */;
INSERT INTO `order_payments` VALUES ('b81ef226f3fe1789b1e8b2acac839d17',1,'credit_card',8,99.33),('a9810da82917af2d9aefd1278f1dcfa0',1,'credit_card',1,24.39),('25e8ea4e93396b6fa0d3dd708e76c1bd',1,'credit_card',1,65.71),('ba78997921bbcdc1373bb41e913ab953',1,'credit_card',8,107.78),('42fdf880ba16b47b59251dd489d4441a',1,'credit_card',2,128.45),('298fcdf1f73eb413e4d26d01b25bc1cd',1,'credit_card',2,96.12),('771ee386b001f06208a7419e4fc1bbd7',1,'credit_card',1,81.16),('3d7239c394a212faae122962df514ac7',1,'credit_card',3,51.84),('1f78449c87a54faf9e96e88ba1491fa9',1,'credit_card',6,341.09),('0573b5e23cbd798006520e1d5b4c6714',1,'boleto',1,51.95),('d88e0d5fa41661ce03cf6cf336527646',1,'credit_card',8,188.73),('2480f727e869fdeb397244a21b721b67',1,'credit_card',1,141.90),('616105c9352a9668c38303ad44e056cd',1,'credit_card',1,75.78),('cf95215a722f3ebf29e6bbab87a29e61',1,'credit_card',5,102.66),('769214176682788a92801d8907fa1b40',1,'credit_card',4,105.28),('12e5cfe0e4716b59afb0e0f4a3bd6570',1,'credit_card',10,157.45),('61059985a6fc0ad64e95d9944caacdad',1,'credit_card',1,132.04),('79da3f5fe31ad1e454f06f95dc032ad5',1,'credit_card',1,98.94),('8ac09207f415d55acff302df7d6a895c',1,'credit_card',4,244.15),('b2349a3f20dfbeef62e7b31baa22f84b',1,'credit_card',3,136.71),('5a1f6d22f7dfb061ef29216b9af687a1',1,'credit_card',4,47.69),('4214cda550ece8ee66441f459dc33a8c',1,'credit_card',2,170.57),('adfbf6c2a620196f9a3ec747491c72b7',1,'credit_card',4,67.50),('4d680edbaa7d3d9bed69532957368a03',1,'credit_card',10,353.09),('8cd68144cdb62dc0d60848cf8616d2a4',1,'boleto',1,330.66),('5cfd514482e22bc992e7693f0e3e8df7',2,'voucher',1,45.17),('d0a945f85ba1074b60aac97ade7e240e',1,'credit_card',2,541.00),('c39414c195d0f94c9d9c35e7c6ed4f1a',1,'credit_card',2,139.22),('5d9c5817e278892b7498d90bfa28ade8',1,'credit_card',2,290.16),('b69b9260e79a0da00e15f48de1bd2524',1,'boleto',1,283.34),('f45074ae38f2e01d9b854ec8d40362ff',1,'credit_card',1,13.78),('81cedc4d2132eb6f512354166e51b187',1,'credit_card',1,30.28),('595f598849d89203c28d05d0fbf3f92e',1,'credit_card',1,26.58),('f9d0ec2fa088ac583e1ccd15b6686073',1,'credit_card',1,89.68),('e647bf617de735448a4ba54f8910393c',1,'credit_card',1,65.09),('b2bb080b6bc860118a246fd9b6fad6da',1,'credit_card',1,173.84),('23f10f509600c30cf2852f9dbdf28fc3',1,'credit_card',1,103.49),('f86f6472fa9f395d8d9a6751ca118afb',1,'credit_card',1,64.03),('1dcf0c8cd36ffaf57784fbdc90079310',1,'credit_card',3,157.15),('00d8d65b666158b633f96054d31af43b',1,'boleto',1,130.88),('cf30fe76d1505192acee1c6dccb15545',1,'credit_card',2,47.72),('d3e774a185c0b1b2286ffd6c70abe2e6',1,'credit_card',8,117.74),('32b1d8f3789a57f1f752e20ac7404b4c',1,'boleto',1,56.60),('c10d412026c4077b8e83acf0fea04eee',1,'credit_card',1,266.16),('56c3277583e16009c925fdf116df420f',1,'boleto',1,31.38),('0e0441786430b7cfcd0d91f822ea4c99',1,'credit_card',1,121.49),('6ffb3f1686bceae3466facf7e02ce3fb',1,'credit_card',1,32.00),('afef48d3c8a0b1b7c9b7f8f922fb5674',1,'credit_card',5,153.41),('c0db7d31ace61fc360a3eaa34dd3457c',1,'credit_card',5,65.71),('d574338f566ca28dd67820f48ec1f1d8',1,'credit_card',4,278.22),('1807cc736321f14baa58ef39cf6e5989',1,'credit_card',4,91.66),('e8977f709bbb0367f51b589e6325f991',1,'credit_card',1,132.51),('2e2c60b99754ae1e4d8b18846cfec9f2',1,'credit_card',4,542.66),('1ffb3c1929b16d9c1aec1958e11b3e9b',1,'boleto',1,166.04),('95442deb81a5d91c97c0df96b431634a',1,'boleto',1,368.98),('10af96a0689260134307879127ac1952',1,'credit_card',2,113.20),('85eef2d342b0de363c45c1bc324729c5',1,'credit_card',3,99.43),('aa964845f1de8125410aea8b73e9e1ec',1,'credit_card',2,27.35),('343348b1e29e9fa9e7b6ab1027f9177d',1,'credit_card',4,43.77),('ad4098a257676ea4d394fb3bbbf36ca3',1,'credit_card',2,68.49),('3e0c3cab458e8b3cc8d1d38ecb7e7775',1,'credit_card',2,105.53),('3ab4eea6776259ae8dfbabaeffece352',1,'credit_card',8,387.80),('10d9871bed9fb8d0887d3b9022edd1ff',1,'boleto',1,84.14),('c108072ab31ec90a754129c171577f5f',1,'credit_card',4,210.82),('fc662bafa52d2ef16078f6f6141009d6',1,'boleto',1,90.05),('4217849b1ff18a9270fe048eabc4dc45',1,'credit_card',1,67.88),('795c16acb4e3c30dfa5b6827727ef488',1,'credit_card',2,37.58),('55e2d723733c45033e71cb4d44690234',1,'boleto',1,89.63),('947e9c6bfd83a06953c420ef92d3da6e',1,'voucher',1,69.46),('60e43c5f5ba559d9dd19357ed72cb2f2',1,'credit_card',2,78.30),('e3e9e3295f4e1512167c232a0aaae8a5',1,'voucher',1,50.80),('460d57443ffdcaeba240360239747cf7',1,'credit_card',1,34.00),('4cb51127f19f7254b320efe1718477dd',1,'boleto',1,77.10),('110d9355d6338eab0a65a0cacdde5434',1,'credit_card',5,566.40),('42f5954cda381bd032934ee38c453711',1,'credit_card',8,402.42),('3689194c14ad4e2e7361ebd1df0e77b0',2,'voucher',1,57.53),('97c111c4f22dfa1089a9c0b5338dcc79',1,'credit_card',3,44.01),('4b2d035932915aa9c2a0d4d84cd6d3b0',1,'credit_card',3,187.51),('e1b4ee0e390fbac1dec439d72b45a115',1,'credit_card',3,77.70),('fee72a68ce935ebf2939fe72f27d3d9b',1,'credit_card',1,48.68),('4d3bfdf4c7d6578ea445d588371ae10e',1,'credit_card',1,77.29),('4c2e1a95586c815795a324d1599e7b5a',1,'credit_card',8,117.71),('c9f23db8a1cb725df9bdb3383bd72b38',1,'credit_card',3,169.34),('8e47a04b25d7a7075064e8e0bd2e0318',1,'credit_card',1,37.61),('723e462ce1ee50e024887c0b403130f3',1,'credit_card',1,13.80),('fa2ea4b6e84c1c0fc4f3a6d468c55183',1,'debit_card',1,227.12),('fb1a2a1296f822405a946cbdfc0d3ed6',1,'credit_card',3,34.78),('198298d54f269d8c5fe89e85a859af61',1,'credit_card',10,342.56),('b19ca559688b49e8cf7f88c1aa3f0009',1,'credit_card',7,73.34),('5be8d4719fe2e3669e2d07dddf3b6b0c',1,'credit_card',4,117.85),('4a02e985c7239d866a632f07ed20d9c0',1,'credit_card',1,48.62),('3e17eef8a8bd0131c7aed90d7508799e',1,'credit_card',1,53.99),('f8d323a2702fed37f0229965f7e9f8b3',1,'credit_card',1,51.14),('de4090fd9b7900d46323b0c7c36b7128',1,'credit_card',2,121.45),('17e5131fe1d4b1a8dc14d4a66914f9d7',1,'credit_card',1,73.34),('20f136d890c31a62486c809f91a5b098',1,'credit_card',10,117.68),('557cc2675910c4a6c9b54ad276f25097',1,'credit_card',1,56.77),('d60a89ab9bc1e68834465ae630c3343e',1,'credit_card',2,115.59),('3ba2d0012b1f34bc6ccbc31c4ba69f93',1,'credit_card',6,60.07),('d46f45b0d795bcf47a19d301710e63fe',1,'credit_card',1,27.27);
/*!40000 ALTER TABLE `order_payments` ENABLE KEYS */;
UNLOCK TABLES;

--
-- Table structure for table `order_reviews`
--

DROP TABLE IF EXISTS `order_reviews`;
/*!40101 SET @saved_cs_client     = @@character_set_client */;
/*!40101 SET character_set_client = utf8 */;
CREATE TABLE `order_reviews` (
  `review_id` varchar(32) DEFAULT NULL,
  `order_id` varchar(32) DEFAULT NULL,
  `review_score` tinyint(4) DEFAULT NULL,
  `review_comment_title` varchar(26) DEFAULT NULL,
  `review_comment_message` varchar(208) DEFAULT NULL,
  `review_creation_date` varchar(19) DEFAULT NULL,
  `review_answer_timestamp` varchar(19) DEFAULT NULL
) ENGINE=InnoDB DEFAULT CHARSET=utf8mb4;
/*!40101 SET character_set_client = @saved_cs_client */;

--
-- Dumping data for table `order_reviews`
--

LOCK TABLES `order_reviews` WRITE;
/*!40000 ALTER TABLE `order_reviews` DISABLE KEYS */;
INSERT INTO `order_reviews` VALUES ('7bc2406110b926393aa56f80a40eba40','73fc7af87114b39712e6da79b0a377eb',4,'','','2018-01-18 00:00:00','2018-01-18 21:46:59'),('80e641a11e56f04c1ad469d5645fdfde','a548910a1c6147796b98fdf73dbeba33',5,'','','2018-03-10 00:00:00','2018-03-11 03:05:13'),('228ce5500dc1d8e020d8d1322874b6f0','f9e4b658b201a9f2ecdecbb34bed034b',5,'','','2018-02-17 00:00:00','2018-02-18 14:36:24'),('e64fb393e7b32834bb789ff8bb30750e','658677c97b385a9be170737859d3511b',5,'','Recebi bem antes do prazo estipulado.','2017-04-21 00:00:00','2017-04-21 22:02:06'),('f7c4243c7fe1938f181bec41a392bdeb','8e6bfb81e283fa7e4f11123a3fb894f1',5,'','Parabéns lojas lannister adorei comprar pela Internet seguro e prático Parabéns a todos feliz Páscoa','2018-03-01 00:00:00','2018-03-02 10:26:53'),('15197aa66ff4d0650b5434f1b46cda19','b18dcdf73be66366873cd26c5724d1dc',1,'','','2018-04-13 00:00:00','2018-04-16 00:39:37'),('07f9bee5d1b850860defd761afa7ff16','e48aa0d2dcec3a2e87348811bcfdf22b',5,'','','2017-07-16 00:00:00','2017-07-18 19:30:34'),('7c6400515c67679fbee952a7525281ef','c31a859e34e3adac22f376954e19b39d',5,'','','2018-08-14 00:00:00','2018-08-14 21:36:06'),('a3f6f7f6f433de0aefbb97da197c554c','9c214ac970e84273583ab523dfafd09b',5,'','','2017-05-17 00:00:00','2017-05-18 12:05:37'),('8670d52e15e00043ae7de4c01cc2fe06','b9bf720beb4ab3728760088589c62129',4,'recomendo','aparelho eficiente. no site a marca do aparelho esta impresso como 3desinfector e ao chegar esta com outro nome...atualizar com a marca correta uma vez que é o mesmo aparelho','2018-05-22 00:00:00','2018-05-23 16:45:47'),('c9cfd2d5ab5911836ababae136c3a10c','cdf9aa68e72324eeb25c7de974696ee2',5,'','','2017-12-23 00:00:00','2017-12-26 14:36:03'),('96052551d87e5f62e6c9f6974ec392e9','3d374c9e46530bb5ed4a7648915306a6',5,'','','2017-12-19 00:00:00','2017-12-20 10:25:22'),('4b49719c8a200003f700d3d986ea1a19','9d6f15f95d01e79bd1349cc208361f09',4,'','Mas um pouco ,travando...pelo valor ta Boa.\r\n','2018-02-16 00:00:00','2018-02-20 10:52:22'),('23f75a37effc35d9a915b4e1ad483793','2eaf8e099d871cd5c22b83b5ea8f6e0e',4,'','','2018-03-28 00:00:00','2018-03-30 15:10:55'),('9a0abbb668bafb95a6d2b05db43284c4','d7bd0e4afdf94846eb73642b4e3e75c3',3,'','','2017-04-30 00:00:00','2017-05-03 00:02:22'),('3948b09f7c818e2d86c9a546758b2335','e51478e7e277a83743b6f9991dbfa3fb',5,'Super recomendo','Vendedor confiável, produto ok e entrega antes do prazo.','2018-05-23 00:00:00','2018-05-24 03:00:01'),('9314d6f9799f5bfba510cc7bcd468c01','0dacf04c5ad59fd5a0cc1faa07c34e39',2,'','GOSTARIA DE SABER O QUE HOUVE, SEMPRE RECEBI E ESSA COMPRA AGORA ME DECPCIONOU','2018-01-18 00:00:00','2018-01-20 21:25:45'),('8e15a274d95600fa14f8be64e37a0e67','ff1581e08b3011021e7c7de592ddc81e',5,'','','2018-03-24 00:00:00','2018-03-26 15:58:32'),('fdbdb2629a7cde0f66657acc92084e7f','70a752414a13d09cc1f2b437b914b28e',3,'','','2017-09-29 00:00:00','2017-10-02 01:12:49'),('373cbeecea8286a2b66c97b1b157ec46','583174fbe37d3d5f0d6661be3aad1786',1,'Não chegou meu produto ','Péssimo','2018-08-15 00:00:00','2018-08-15 04:10:37'),('a2ff510ca4e059c3fefc7a7866571f6f','a9953b2f0b1665ac7586cc5a6ac8f58c',4,'','','2017-10-06 00:00:00','2017-10-08 22:36:05'),('80c70bc263881ba6525f6cee1d94ac87','ae168dfba236919411fe08f336fefa44',5,'','','2018-03-17 00:00:00','2018-04-04 19:41:11'),('d21bbc789670eab777d27372ab9094cc','4fc44d78867142c627497b60a7e0228a',5,'Ótimo','Loja nota 10','2018-07-10 00:00:00','2018-07-11 14:10:25'),('7bcb3c758c67f23638262c731493e848','7c9956750739a47dba7a6928ba2f0245',5,'','','2017-09-09 00:00:00','2017-10-17 02:25:47'),('0e0190b9db53b689b285d3f3916f8441','79832b7cb59ac6f887088ffd686e1d5e',5,'','obrigado pela atençao amim dispensada','2017-12-01 00:00:00','2017-12-09 22:58:58'),('66e4430c5bc6b7e3773886bf1c14d912','84cec4f65c7a4f2f54c294a30224a594',5,'','','2017-06-23 00:00:00','2017-06-27 00:52:02'),('bf566b3910c328733baf7fca7d2be041','a59a15e4b6085c752d338431dc68d464',4,'','','2017-11-01 00:00:00','2017-11-01 20:25:30'),('fe3db7c069d694bab50cc43463f91608','2ca73e2ff9e3a186ad1e1ffb9b1d9c10',5,'','A compra foi realizada facilmente.\r\nA entrega foi efetuada muito antes do prazo dado.\r\nO produto já começou a ser usado e até o presente,\r\nsem problemas.','2018-03-23 00:00:00','2018-04-01 00:27:51'),('e07eee7ad7666276bd8b27fbd83fd1ff','68b3cbc68e4cd1fe19bec35f1d3bb7ee',5,'','relógio muito bonito e barato.','2018-03-29 00:00:00','2018-04-02 14:19:31'),('2c5e27fc178bde7ac173c9c62c31b070','0ce9a24111d850192a933fcaab6fbad3',1,'','Não gostei ! Comprei gato por lebre','2017-12-13 00:00:00','2017-12-16 07:14:07'),('540e7bbb2d06cfb7f85f3a88ba7ac97f','cf73e2cb1f4a9480ed70c154da3d954a',5,'','','2018-01-18 00:00:00','2018-01-18 19:12:30'),('6a18a4001ae7fd911b3b9fb13686d105','8ba3f3a9292fbc22a8b7dff752bbcd37',5,'','','2017-07-19 00:00:00','2017-07-20 10:38:48'),('58044bca115705a48fe0e00a21390c54','68e55ca79d04a79f20d4bfc0146f4b66',1,'','Sempre compro pela Internet e a entrega ocorre antes do prazo combinado, que acredito ser o prazo máximo. No stark o prazo máximo já se esgotou e ainda não recebi o produto.','2018-04-08 00:00:00','2018-04-09 12:22:39'),('19a52a2297e5289ab4187d238d335982','677c865b89aa97e7dbeb4bfbb50bbcfd',5,'','','2018-08-25 00:00:00','2018-08-26 22:02:59'),('c92cdd7dd544a01aa35137f901669cdf','37e7875cdce5a9e5b3a692971f370151',4,'Muito bom.','Recebi exatamente o que esperava. As demais encomendas de outros vendedores atrasaram, mas esta chegou no prazo.','2018-06-07 00:00:00','2018-06-09 18:44:02'),('c0f4c8301f8c29d6f53d239e194bb4c2','04db86e3493b3724ac4bd3c9a397e23c',5,'','','2017-09-12 00:00:00','2017-09-13 14:33:49'),('08c9d79ec0eba1d252e3f52f14b8e6a9','e029f708df3cc108b3264558771605c6',5,'Bom','Recomendo ,','2018-06-13 00:00:00','2018-06-13 22:54:44'),('2170c9452c2216457b36003fe2969fbb','af32671d0b8ce510a94d9111d97371d3',5,'','muito boa ','2018-03-22 00:00:00','2018-03-30 23:37:25'),('b193ff3c9f32a01f3a0d9ae26b94d244','e2e6ee1ed2d7f2f36b05d234983bd7a0',5,'Maravilhoso!','Tô completamente apaixonada, loja super responsável e confiável!','2018-08-10 00:00:00','2018-08-11 00:22:13'),('9fd59cd04b42f600df9f25e54082a8d1','3c314f50bc654f3c4e317b055681dff9',1,'','Nada de chegar o meu pedido.','2017-04-21 00:00:00','2017-04-23 05:37:03'),('ab3056e4fb5a36df4b58c1746e4a6b8f','aad1dcbe4c9fe2e3486e5e04c6649097',2,'','','2018-05-13 00:00:00','2018-05-14 16:29:15'),('eb26c2bfb5030f57dcef30d3f111eb1e','88096595631e8d26b658306256e3ce34',1,'','','2018-02-08 00:00:00','2018-02-10 04:28:43'),('caf7d6d68090fedf0f47b27aff4b4eaf','c186ebe3937470a2f562a2dc0bc74dd7',5,'','','2017-12-05 00:00:00','2017-12-07 23:34:56'),('86c5cfa7fcbde303f704b60a78ced7d6','a6456e781cb962cc3f412b04de4fed7b',5,'Entrega perfeita','Muito bom. muito cheiroso.','2018-06-13 00:00:00','2018-06-14 17:29:03'),('6f3eb43ec2f5092cf04c8d705864a8ac','f3a9c397a2fa5a2366b4b96bc15737f6',5,'','','2018-03-11 00:00:00','2018-03-14 00:38:50'),('3dc0777d97733a1d066f5b781e91577f','44a9994228432b835c3a4e720b6a41ab',4,'','','2018-03-29 00:00:00','2018-03-31 00:13:07'),('e363a3c172db72d6a8b82d0726cd2ddb','1a36784e5c696071dad8a242f26b230f',5,'','','2018-01-25 00:00:00','2018-02-18 23:03:20'),('890ec1767be8eb104877db6d68eaade5','b3271f5ebce80cbecb67c5b88487a44a',5,'','otimo vendedor chegou ate antes do prazo , adorei o produto','2017-05-13 00:00:00','2017-05-14 02:57:19'),('23f570a1b0db9566bee04521a0410c54','82c5edeff15e09a0460d292874766132',5,'','','2017-09-22 00:00:00','2017-09-23 13:57:39'),('7d9ac3e98adc0c8ad579e6a2257d79f9','dfa48852c93427261c98fb2e01f33bea',5,'','Processo de compra tranquilo e eficiente.','2018-04-24 00:00:00','2018-04-25 16:01:03'),('c41bd21983e298a240410ebb391bf075','9562b424b05978a493db2a5122ecab1f',5,'','Tomara q dure pois é de pelinho.','2017-05-19 00:00:00','2017-05-21 03:04:35'),('e233e51d11511bf30e568c76360ace52','548df2c6e5f089574614894bca78acf5',1,'','recebi somente 1 controle Midea Split ESTILO.\r\nFaltou Controle Remoto para Ar Condicionado Consul','2018-01-28 00:00:00','2018-02-04 11:06:15'),('1a74d76543e1b419b48daebee364c281','14861b02076ed7da9471988265a0104b',5,'','','2018-07-14 00:00:00','2018-07-16 20:09:42'),('1edd1a85161468a77e5fcb165be9b294','d8e17cc85323061493b16b68a130bcff',5,'Ótimo','','2018-06-02 00:00:00','2018-06-02 23:15:37'),('94c4db81ff5c234f53b54a15a8a41583','3fb155b4897652f5cdf1b5efff32a465',5,'','','2017-12-15 00:00:00','2017-12-17 14:43:35'),('3d94fd645cdaacc8c9f0dc0a2a1f5166','4d483bf690ca21bdc005df9b623673c7',5,'','boa','2017-03-21 00:00:00','2017-03-22 00:58:49'),('cb6fe4f91f83d9222b7c8e14959055e1','84226f5c73669d7711ca44aa9cac602a',3,'','','2018-05-10 00:00:00','2018-05-13 22:51:53'),('45a523faa4defdf60118a90301b8a23e','26c4ac9998f72d4fcdca3c6e27089f1b',3,'','','2017-10-27 00:00:00','2017-10-27 16:12:52'),('6eab2c9b7ea4975a0b0357a4c464b356','55101b36a58251926b6cbfdb540c0461',4,'','','2018-05-31 00:00:00','2018-06-04 23:44:16'),('500c05500aa275953129f49799ee5c73','8a9424899aac432d80d8e580932b5ee9',5,'MT lindo','MT lindo','2018-07-25 00:00:00','2018-07-25 21:37:22'),('399133d47ddc5f40df57c1ceba4e4540','603d76b730c972775ccf2a910bf23490',5,'','','2018-04-03 00:00:00','2018-04-03 23:39:36'),('6a0969d0769d2f3ff6438809a1cc455e','32638fbca8d1a197e649fd5138e12049',5,'','Ocorreu tudo como contratado sendo a entrega realizada antes do prazo \r\n Estou satisfeita\r\n','2017-06-02 00:00:00','2017-06-03 13:12:07'),('8a64945e89526e68bc16383391590232','71960e6af960919256a958a3633e1040',5,'','Amei achei lindo ,muito delicado adorei','2018-04-18 00:00:00','2018-04-18 22:30:45'),('ca7402594d96f3231ee1bbae27da1e29','36782087b0d4f8cd6daa340872006259',5,'','','2018-02-20 00:00:00','2018-02-21 01:40:57'),('c0dbf9a325d2a2fece43873be47191e1','b324f4270850cbba23533b9a9d3434a9',4,'','Ótima loja para parceria: rápidíssima, produtos bem embalados e de qualidade! Só o custo do frete que foi meio azedo.','2018-04-04 00:00:00','2018-04-06 15:43:39'),('9924ac6169f2edc95ca3394e529f9580','a3ba7fa5266d62188949da3d6ccc3884',5,'','','2018-02-27 00:00:00','2018-03-02 08:33:35'),('e12a8d938f3092e010627d001f91d137','b3dca2e199b13ddabab4ed77d79ee9f6',5,'','','2018-06-03 00:00:00','2018-06-06 12:41:24'),('109b5ce2dd11bb8460eff3b86da6fefc','25362fbf6aac4b01a28dee1e076acc26',5,'Ótimo Produto! ','Recomendo o vendedor... ','2018-08-17 00:00:00','2018-08-17 21:47:08'),('6d06808638ec0701bccd70bc8d462c28','97d2f8fe76f2f253b8291e17b5383884',1,'','O produto não chegou no prazo estipulado e causou transtorno, pq programei a viagem de férias do meu filho, baseado no prazo. Moro na Bahia e ele em Cuiabá sozinho. Agora, a casa está vazia. ','2016-12-09 00:00:00','2016-12-19 14:10:43'),('750d4311e8ddb6cba549ee86f06f0cca','4b32a4cdfc1b80066a8ee3a4b7a2094f',5,'','Produto entregue como solicitado, e com muita brevidade. Parabéns!\r\n','2017-08-09 00:00:00','2017-08-09 12:03:45'),('951a3591f5bcc0b0c558461c9bf49d8e','801524a8fbd37484e8d8c23448f113b5',3,'','','2018-07-14 00:00:00','2018-07-14 21:04:31'),('77ed4f94b3638d1f0b0a2dd781c11a8c','5f8772295e1adb4e4832c988d6b631b6',5,'','','2018-04-10 00:00:00','2018-04-12 10:28:20'),('2a3eba09af2fbcd3a20580e62e7b7465','366df9c0b0d5d46f8afc476dc4ca7671',4,'','','2018-01-31 00:00:00','2018-02-01 02:09:13'),('8b230a1373c6dc4bd867099fda1d7039','071251fe3b3493294536f03737a8a679',3,'','Eu comprei duas unidades e só recebi uma e agora o que faço?','2017-11-09 00:00:00','2017-11-10 10:38:37'),('4a1c0e7a111f33f2be53506db4887b1a','0feb8ce954124d3e3d8338c573a9c523',5,'','','2018-08-28 00:00:00','2018-08-29 02:00:24'),('cb2fc3e5711b5ae85e0491ee18af63ed','34e6d418f368f8079ae152bc178bc66a',3,'','Produto bom, porém o que veio para mim não condiz com a foto do anúncio.','2018-01-31 00:00:00','2018-01-31 23:29:21'),('60c714ed14cef913944a3147094a4742','9ac05114800f02bfaa783bd76842dbe2',1,'','Produto muito inferior, mal acabado.','2018-07-03 00:00:00','2018-07-05 19:03:52'),('b42460e68676135205af8b8c13baf6ae','5b2e79428198e5ce482f9ec1bd1014c3',5,'','','2017-07-29 00:00:00','2017-08-01 18:43:09'),('505587fad6e7130f579fe9f02017ede4','64ff87188034c4f3dcd52e63db7d045f',4,'','','2018-06-14 00:00:00','2018-06-18 22:53:04'),('c45811d9f90e22a81155b3a1e4a5c2e8','491f193fc52075598871cfe6f19976d4',5,'RECOMENDO SEMPRE!!','O kit mochila patrulha canina é lindo!! Meu netinho vai amar!! Obrigada!!','2018-06-19 00:00:00','2018-06-19 17:44:05'),('e29ab4a671400c41322e4855de633c6a','17b296b73ebefd6213299342b09f097f',5,'','Maravilha ','2017-08-09 00:00:00','2017-08-11 23:28:46'),('c577faa817a66c6f1492728435f53cd0','97e11582eb8cdd7b83e35a4243d81f79',5,'','','2018-01-12 00:00:00','2018-01-14 22:44:58'),('8c6537ae1519a3c0375e4fd45438344b','a9a75c64cb5e9f7bc92e68ec13f05c45',5,'','','2018-04-06 00:00:00','2018-04-07 03:11:49'),('34e5d18f3bb64d586812f8f1d8b53097','bf6861804f97bcf7644f603c5bcf7784',4,'','','2017-03-31 00:00:00','2017-04-01 23:43:01'),('5733e2aeeb52b99d044a2a3644e1305d','5abb6c1ea24afdc6e26076bfaa7539cb',5,'','','2018-02-23 00:00:00','2018-02-23 11:06:24'),('a34d2c4ace97245460e240e07db0212d','9cd3b6a2b07667e425975a219b4fc382',5,'','','2018-05-15 00:00:00','2018-05-20 13:57:26'),('9bdb93e1339cdbc9bbfd95c5df00f82b','72b9d86fe4e984d9879013b9ecbb25db',5,'','','2018-04-24 00:00:00','2018-04-25 20:28:48'),('0bd4dcc4f6c4621baf37f73495cad8c4','a11cd01ac67beef7e8bf09740d8a35c1',3,'','Entrega no prazo','2017-03-23 00:00:00','2017-03-23 21:20:16'),('888f11883ff85fa5c07e6ae1192d85c4','248907ae8054cb8e93d5aa44857779b4',5,'','Cumpriu o prometido na compra e com o uma entrega em tempo satisfatório ','2018-01-04 00:00:00','2018-01-05 23:30:00'),('65dfeb60c40e3cbb0a1838285d86f885','a2714ecbf6eeb3bb9cd7dba6dc1c5e82',1,'','Pedi reembolso e sem resposta até momento ','2018-03-08 00:00:00','2018-03-08 12:27:34'),('50a1eaa2f96d6f3e02d0cd68d92bab75','4a7cf245701068d38d441791b735e4bd',5,'***** Recomendo','Super rápido.','2018-05-10 00:00:00','2018-05-11 03:08:49'),('1090909faae22e5ab76903e8493063f1','a1341cb83bbf1b47392f4a3685d56bad',1,'','','2018-03-07 00:00:00','2018-03-07 15:32:23'),('7b2d3a4794961271f9150b21fecfeed0','2964eb001b521cc23017f1c007a6712b',5,'','','2018-04-06 00:00:00','2018-04-08 18:42:33'),('31b63ea961f9f43c21209d729d1c78e5','46d2d651f006b9b9440d1aa37d89c894',5,'','','2018-08-17 00:00:00','2018-08-31 03:13:36'),('4d36f8266245b00faebc520e9cd963c0','b1cc044d321053348a5e482ca7e6b2e3',2,'','','2018-03-17 00:00:00','2018-03-17 09:29:47'),('71bc170a5ad41ee9dee95f82a17860a8','a90b081d0efa436e072d5328ecd904a4',5,'','','2017-08-03 00:00:00','2017-08-03 23:40:22'),('c5be8de5421e658a45042d6ca6a4ff64','61665389f0cccf5ec8135e3b05efc714',5,'','','2017-12-12 00:00:00','2017-12-13 22:58:34'),('0c8b57ea62de568f13a0e101d344977e','41bc5a3d34a8e4ef91b2e7d9500694cf',5,'','','2017-07-12 00:00:00','2017-07-13 01:02:28'),('edfbad2944ea758725486c3bbcd04f49','9d2aa61b374fac5dd063f36fefa602e1',3,'','','2018-03-28 00:00:00','2018-03-31 03:25:49'),('bbf6c18e7c5a88b6adcb69af3b971207','828a705e0645673b538e803ca75a29b6',5,'','','2017-10-31 00:00:00','2017-11-06 18:43:24');
/*!40000 ALTER TABLE `order_reviews` ENABLE KEYS */;
UNLOCK TABLES;

--
-- Table structure for table `orders`
--

DROP TABLE IF EXISTS `orders`;
/*!40101 SET @saved_cs_client     = @@character_set_client */;
/*!40101 SET character_set_client = utf8 */;
CREATE TABLE `orders` (
  `order_id` varchar(32) DEFAULT NULL,
  `customer_id` varchar(32) DEFAULT NULL,
  `order_status` varchar(11) DEFAULT NULL,
  `order_purchase_timestamp` varchar(19) DEFAULT NULL,
  `order_approved_at` varchar(19) DEFAULT NULL,
  `order_delivered_carrier_date` varchar(19) DEFAULT NULL,
  `order_delivered_customer_date` varchar(19) DEFAULT NULL,
  `order_estimated_delivery_date` varchar(19) DEFAULT NULL
) ENGINE=InnoDB DEFAULT CHARSET=utf8mb4;
/*!40101 SET character_set_client = @saved_cs_client */;

--
-- Dumping data for table `orders`
--

LOCK TABLES `orders` WRITE;
/*!40000 ALTER TABLE `orders` DISABLE KEYS */;
INSERT INTO `orders` VALUES ('e481f51cbdc54678b7cc49136f2d6af7','9ef432eb6251297304e76186b10a928d','delivered','2017-10-02 10:56:33','2017-10-02 11:07:15','2017-10-04 19:55:00','2017-10-10 21:25:13','2017-10-18 00:00:00'),('53cdb2fc8bc7dce0b6741e2150273451','b0830fb4747a6c6d20dea0b8c802d7ef','delivered','2018-07-24 20:41:37','2018-07-26 03:24:27','2018-07-26 14:31:00','2018-08-07 15:27:45','2018-08-13 00:00:00'),('47770eb9100c2d0c44946d9cf07ec65d','41ce2a54c0b03bf3443c3d931a367089','delivered','2018-08-08 08:38:49','2018-08-08 08:55:23','2018-08-08 13:50:00','2018-08-17 18:06:29','2018-09-04 00:00:00'),('949d5b44dbf5de918fe9c16f97b45f8a','f88197465ea7920adcdbec7375364d82','delivered','2017-11-18 19:28:06','2017-11-18 19:45:59','2017-11-22 13:39:59','2017-12-02 00:28:42','2017-12-15 00:00:00'),('ad21c59c0840e6cb83a9ceb5573f8159','8ab97904e6daea8866dbdbc4fb7aad2c','delivered','2018-02-13 21:18:39','2018-02-13 22:20:29','2018-02-14 19:46:34','2018-02-16 18:17:02','2018-02-26 00:00:00'),('a4591c265e18cb1dcee52889e2d8acc3','503740e9ca751ccdda7ba28e9ab8f608','delivered','2017-07-09 21:57:05','2017-07-09 22:10:13','2017-07-11 14:58:04','2017-07-26 10:57:55','2017-08-01 00:00:00'),('136cce7faa42fdb2cefd53fdc79a6098','ed0271e0b7da060a393796590e7b737a','invoiced','2017-04-11 12:22:08','2017-04-13 13:25:17','','','2017-05-09 00:00:00'),('6514b8ad8028c9f2cc2374ded245783f','9bdf08b4b3b52b5526ff42d37d47f222','delivered','2017-05-16 13:10:30','2017-05-16 13:22:11','2017-05-22 10:07:46','2017-05-26 12:55:51','2017-06-07 00:00:00'),('76c6e866289321a7c93b82b54852dc33','f54a9f0e6b351c431402b8461ea51999','delivered','2017-01-23 18:29:09','2017-01-25 02:50:47','2017-01-26 14:16:31','2017-02-02 14:08:10','2017-03-06 00:00:00'),('e69bfb5eb88e0ed6a785585b27e16dbf','31ad1d1b63eb9962463f764d4e6e0c9d','delivered','2017-07-29 11:55:02','2017-07-29 12:05:32','2017-08-10 19:45:24','2017-08-16 17:14:30','2017-08-23 00:00:00'),('e6ce16cb79ec1d90b1da9085a6118aeb','494dded5b201313c64ed7f100595b95c','delivered','2017-05-16 19:41:10','2017-05-16 19:50:18','2017-05-18 11:40:40','2017-05-29 11:18:31','2017-06-07 00:00:00'),('34513ce0c4fab462a55830c0989c7edb','7711cf624183d843aafe81855097bc37','delivered','2017-07-13 19:58:11','2017-07-13 20:10:08','2017-07-14 18:43:29','2017-07-19 14:04:48','2017-08-08 00:00:00'),('82566a660a982b15fb86e904c8d32918','d3e3b74c766bc6214e0c830b17ee2341','delivered','2018-06-07 10:06:19','2018-06-09 03:13:12','2018-06-11 13:29:00','2018-06-19 12:05:52','2018-07-18 00:00:00'),('5ff96c15d0b717ac6ad1f3d77225a350','19402a48fe860416adf93348aba37740','delivered','2018-07-25 17:44:10','2018-07-25 17:55:14','2018-07-26 13:16:00','2018-07-30 15:52:25','2018-08-08 00:00:00'),('432aaf21d85167c2c86ec9448c4e42cc','3df704f53d3f1d4818840b34ec672a9f','delivered','2018-03-01 14:14:28','2018-03-01 15:10:47','2018-03-02 21:09:20','2018-03-12 23:36:26','2018-03-21 00:00:00'),('dcb36b511fcac050b97cd5c05de84dc3','3b6828a50ffe546942b7a473d70ac0fc','delivered','2018-06-07 19:03:12','2018-06-12 23:31:02','2018-06-11 14:54:00','2018-06-21 15:34:32','2018-07-04 00:00:00'),('403b97836b0c04a622354cf531062e5f','738b086814c6fcc74b8cc583f8516ee3','delivered','2018-01-02 19:00:43','2018-01-02 19:09:04','2018-01-03 18:19:09','2018-01-20 01:38:59','2018-02-06 00:00:00'),('116f0b09343b49556bbad5f35bee0cdf','3187789bec990987628d7a9beb4dd6ac','delivered','2017-12-26 23:41:31','2017-12-26 23:50:22','2017-12-28 18:33:05','2018-01-08 22:36:36','2018-01-29 00:00:00'),('85ce859fd6dc634de8d2f1e290444043','059f7fc5719c7da6cbafe370971a8d70','delivered','2017-11-21 00:03:41','2017-11-21 00:14:22','2017-11-23 21:32:26','2017-11-27 18:28:00','2017-12-11 00:00:00'),('83018ec114eee8641c97e08f7b4e926f','7f8c8b9c2ae27bf3300f670c3d478be8','delivered','2017-10-26 15:54:26','2017-10-26 16:08:14','2017-10-26 21:46:53','2017-11-08 22:22:00','2017-11-23 00:00:00'),('203096f03d82e0dffbc41ebc2e2bcfb7','d2b091571da224a1b36412c18bc3bbfe','delivered','2017-09-18 14:31:30','2017-09-19 04:04:09','2017-10-06 17:50:03','2017-10-09 22:23:46','2017-09-28 00:00:00'),('f848643eec1d69395095eb3840d2051e','4fa1cd166fa598be6de80fa84eaade43','delivered','2018-03-15 08:52:40','2018-03-15 09:09:31','2018-03-15 19:52:48','2018-03-19 18:08:32','2018-03-29 00:00:00'),('2807d0e504d6d4894d41672727bc139f','72ae281627a6102d9b3718528b420f8a','delivered','2018-02-03 20:37:35','2018-02-03 20:50:22','2018-02-05 22:37:28','2018-02-08 16:13:46','2018-02-21 00:00:00'),('95266dbfb7e20354baba07964dac78d5','a166da34890074091a942054b36e4265','delivered','2018-01-08 07:55:29','2018-01-08 08:07:31','2018-01-24 23:16:37','2018-01-26 17:32:38','2018-02-21 00:00:00'),('f3e7c359154d965827355f39d6b1fdac','62b423aab58096ca514ba6aa06be2f98','delivered','2018-08-09 11:44:40','2018-08-10 03:24:51','2018-08-10 12:29:00','2018-08-13 18:24:27','2018-08-17 00:00:00'),('fbf9ac61453ac646ce8ad9783d7d0af6','3a874b4d4c4b6543206ff5d89287f0c3','delivered','2018-02-20 23:46:53','2018-02-22 02:30:46','2018-02-26 22:25:22','2018-03-21 22:03:54','2018-03-12 00:00:00'),('acce194856392f074dbf9dada14d8d82','7e20bf5ca92da68200643bda76c504c6','delivered','2018-06-04 00:00:13','2018-06-05 00:35:10','2018-06-05 13:24:00','2018-06-16 15:20:55','2018-07-18 00:00:00'),('dd78f560c270f1909639c11b925620ea','8b212b9525f9e74e85e37ed6df37693e','delivered','2018-03-12 01:50:26','2018-03-12 03:28:34','2018-03-12 21:06:37','2018-03-21 14:41:50','2018-03-28 00:00:00'),('91b2a010e1e45e6ba3d133fa997597be','cce89a605105b148387c52e286ac8335','delivered','2018-05-02 11:45:38','2018-05-03 12:55:01','2018-05-10 16:16:00','2018-05-16 20:56:24','2018-05-23 00:00:00'),('ecab90c9933c58908d3d6add7c6f5ae3','761df82feda9778854c6dafdaeb567e4','delivered','2018-02-25 13:50:30','2018-02-25 14:47:35','2018-02-26 22:28:50','2018-03-27 23:29:14','2018-04-13 00:00:00'),('f70a0aff17df5a6cdd9a7196128bd354','456dc10730fbdba34615447ea195d643','delivered','2017-08-10 11:58:33','2017-08-12 02:45:24','2017-08-17 15:35:07','2017-08-18 14:28:02','2017-08-23 00:00:00'),('1790eea0b567cf50911c057cf20f90f9','52142aa69d8d0e1247ab0cada0f76023','delivered','2018-04-16 21:15:39','2018-04-16 22:10:26','2018-04-18 13:05:09','2018-05-05 12:28:34','2018-05-15 00:00:00'),('989225ba6d0ebd5873335f7e01de2ae7','816f8653d5361cbf94e58c33f2502a5c','delivered','2017-12-12 13:56:04','2017-12-14 13:54:13','2017-12-16 00:18:57','2018-01-03 18:03:36','2018-01-08 00:00:00'),('d887b52c6516beb39e8cd44a5f8b60f7','d9ef95f98d8da3b492bb8c0447910498','delivered','2018-02-03 12:38:58','2018-02-03 12:50:30','2018-02-05 21:26:53','2018-02-22 00:07:55','2018-03-07 00:00:00'),('b276e4f8c0fb86bd82fce576f21713e0','cf8ffeddf027932e51e4eae73b384059','delivered','2018-07-29 23:34:51','2018-07-29 23:45:15','2018-07-30 14:43:00','2018-07-31 22:48:50','2018-08-06 00:00:00'),('8563039e855156e48fccee4d611a3196','5f16605299d698660e0606f7eae2d2f9','delivered','2018-02-17 15:59:46','2018-02-17 16:15:34','2018-02-20 23:03:56','2018-03-20 00:59:25','2018-03-20 00:00:00'),('60550084e6b4c0cb89a87df1f3e5ebd9','f5458ddc3545711efa883dd7ae7c4497','delivered','2018-02-21 18:15:12','2018-02-23 02:10:52','2018-02-27 18:52:09','2018-03-13 23:58:43','2018-03-29 00:00:00'),('5acce57f8d9dfd55fa48e212a641a69d','295ae9b35379e077273387ff64354b6f','delivered','2017-07-31 21:37:10','2017-08-02 02:56:02','2017-08-03 18:32:48','2017-08-08 21:24:41','2017-08-22 00:00:00'),('434d158e96bdd6972ad6e6d73ddcfd22','2a1dfb647f32f4390e7b857c67458536','delivered','2018-06-01 12:23:13','2018-06-05 03:35:15','2018-06-08 11:49:00','2018-06-18 21:32:52','2018-07-17 00:00:00'),('7206b86ea789983f7a273ea7fa0bc2a8','3391c4bc11a817e7973e498b0b023158','delivered','2018-03-26 17:12:18','2018-03-26 17:28:27','2018-03-28 17:22:53','2018-04-05 22:11:18','2018-04-12 00:00:00'),('1e7aff52cdbb2451ace09d0f848c3699','ddaff536587109b89777e0353215e150','delivered','2017-05-19 18:53:40','2017-05-19 19:05:17','2017-05-22 10:16:07','2017-05-31 13:58:46','2017-06-12 00:00:00'),('6ea2f835b4556291ffdc53fa0b3b95e8','c7340080e394356141681bd4c9b8fe31','delivered','2017-11-24 21:27:48','2017-11-25 00:21:09','2017-12-13 21:14:05','2017-12-28 18:59:23','2017-12-21 00:00:00'),('948097deef559c742e7ce321e5e58919','8644be24d48806bc3a88fd59fb47ceb1','delivered','2017-08-04 17:10:39','2017-08-04 17:25:11','2017-08-07 17:52:01','2017-08-12 14:08:40','2017-09-01 00:00:00'),('d22e9fa5731b9e30e8b27afcdc2f8563','756fb9391752dad934e0fe3733378e57','delivered','2018-08-04 23:25:30','2018-08-04 23:35:13','2018-08-06 15:03:00','2018-08-13 23:34:42','2018-09-13 00:00:00'),('ee64d42b8cf066f35eac1cf57de1aa85','caded193e8e47b8362864762a83db3c5','shipped','2018-06-04 16:44:48','2018-06-05 04:31:18','2018-06-05 14:32:00','','2018-06-28 00:00:00'),('6ebaec694d7025e2ad4a05dba887c032','4f28355e5c17a4a42d3ce2439a1d4501','delivered','2017-05-18 13:55:47','2017-05-18 14:05:17','2017-05-19 12:01:38','2017-05-29 12:47:20','2017-06-09 00:00:00'),('d17dc4a904426827ca80f2ccb3a6be56','569cf68214806a39acc0f39344aea67f','delivered','2017-05-14 20:28:25','2017-05-14 20:42:45','2017-05-16 08:17:46','2017-05-25 09:14:31','2017-06-12 00:00:00'),('25f4376934e13d3508486352e11a5db0','12fd2740039676063a874b9567dfa651','delivered','2018-05-17 16:59:11','2018-05-18 01:17:39','2018-05-18 13:02:00','2018-05-21 15:22:11','2018-05-25 00:00:00'),('5820a1100976432c7968a52da59e9364','2b56e94c2f66f2d97cfa63356f69cee8','delivered','2018-07-29 11:24:17','2018-07-29 11:44:19','2018-07-30 13:47:00','2018-08-02 22:09:11','2018-08-13 00:00:00'),('2ce1ad82022c1ba30c2079502ac725aa','7f2178c5d771e17f507d3c1637339298','delivered','2017-08-09 20:19:05','2017-08-11 04:15:29','2017-08-11 17:52:32','2017-08-16 17:16:44','2017-08-31 00:00:00'),('138849fd84dff2fb4ca70a0a34c4aa1c','9b18f3fc296990b97854e351334a32f6','delivered','2018-02-01 14:02:19','2018-02-03 02:53:07','2018-02-06 19:13:26','2018-02-14 13:41:59','2018-02-23 00:00:00'),('47aa4816b27ba60ec948cd019cc1afc1','148348ff65384b4249b762579532e248','delivered','2018-06-26 13:42:52','2018-06-27 08:35:32','2018-06-27 13:20:00','2018-07-03 18:37:46','2018-07-20 00:00:00'),('9faeb9b2746b9d7526aef5acb08e2aa0','79183cd650e2bb0d475b0067d45946ac','delivered','2018-07-26 14:39:59','2018-07-26 14:55:10','2018-07-27 12:04:00','2018-07-31 22:26:55','2018-08-16 00:00:00'),('641fb0752bf5b5940c376b3a8bb9dc52','f5afca14dfa9dc64251cf2b45c54c363','delivered','2017-12-15 00:06:10','2017-12-15 00:14:55','2017-12-19 01:58:00','2018-01-03 15:09:32','2018-01-16 00:00:00'),('e425680f760cbc130be3e53a9773c584','f178c1827f67a8467b0385b7378d951a','delivered','2017-08-31 08:15:24','2017-08-31 08:30:17','2017-08-31 20:06:14','2017-09-04 20:59:55','2017-09-20 00:00:00'),('40c5e18f7d112b59b3e5113a59a905b3','67407057a7d5ee17d1cd09523f484d13','delivered','2018-06-11 10:25:52','2018-06-11 10:58:32','2018-06-14 13:03:00','2018-06-19 00:31:13','2018-07-16 00:00:00'),('734e7d1bbaeb2ff82521ca0fe6fb6f79','2932d241d1f31e6df6c701d52370ae02','delivered','2018-06-11 08:18:19','2018-06-11 08:31:50','2018-06-11 14:54:00','2018-06-14 21:32:21','2018-07-05 00:00:00'),('66e4624ae69e7dc89bd50222b59f581f','684fa6da5134b9e4dab731e00011712d','delivered','2018-03-09 14:50:15','2018-03-09 15:40:39','2018-03-15 00:31:19','2018-04-03 13:28:46','2018-04-02 00:00:00'),('a685d016c8a26f71a0bb67821070e398','911e4c37f5cafe1604fe6767034bf1ae','delivered','2017-03-13 18:14:36','2017-03-13 18:14:36','2017-03-22 14:03:09','2017-04-06 13:37:16','2017-03-30 00:00:00'),('2edfd6d1f0b4cd0db4bf37b1b224d855','241e78de29b3090cfa1b5d73a8130c72','delivered','2017-06-13 21:11:26','2017-06-15 03:05:45','2017-06-16 14:55:37','2017-06-19 18:51:28','2017-07-06 00:00:00'),('68873cf91053cd11e6b49a766db5af1a','4632eb5a8f175f6fe020520ae0c678f3','delivered','2017-11-30 22:02:15','2017-12-02 02:51:18','2017-12-04 22:07:01','2017-12-05 20:28:40','2017-12-18 00:00:00'),('f346ad4ee8f630e5e4ddaf862a34e6dd','dd5095632e3953fc0947b8ab5176b0be','delivered','2018-08-05 13:09:48','2018-08-05 13:24:34','2018-08-06 13:41:00','2018-08-10 18:35:40','2018-08-15 00:00:00'),('8f06cc6465925031568537b815f1198d','9916715c2ab6ee1710c9c32f0a534ad2','delivered','2017-11-15 11:31:41','2017-11-15 11:46:42','2017-11-16 22:03:00','2017-11-22 22:41:07','2017-12-05 00:00:00'),('ccbabeb0b02433bd0fcbac46e70339f2','c77ee2d8ba1614a4d489a44166894938','delivered','2018-02-19 20:31:09','2018-02-21 06:15:25','2018-02-22 21:04:23','2018-03-09 22:22:25','2018-03-13 00:00:00'),('688052146432ef8253587b930b01a06d','81e08b08e5ed4472008030d70327c71f','delivered','2018-04-22 08:48:13','2018-04-24 18:25:22','2018-04-23 19:19:14','2018-04-24 19:31:58','2018-05-15 00:00:00'),('f271576bed568e896f99eb710cd3a6f8','5dda11942d4f77bee3a46d71e442aec4','delivered','2018-01-07 21:44:54','2018-01-07 21:51:28','2018-01-10 21:56:09','2018-01-17 20:26:31','2018-02-14 00:00:00'),('686541986ecfb7d9296eb67719973bf0','74805bc388861fa350ed2fade8444e0b','delivered','2018-02-10 13:26:59','2018-02-10 13:35:31','2018-02-14 20:47:38','2018-02-20 22:13:08','2018-03-12 00:00:00'),('68e48e68da1f50f7c5838ea75e3a20dd','4afc1dcca5fe8926fc97d60a4497f8ab','delivered','2018-06-18 16:02:23','2018-06-18 17:00:57','2018-06-19 15:55:00','2018-06-22 21:18:51','2018-07-13 00:00:00'),('b52cc4919de82b4d696a4380d10804a3','be8c14c16a4d47194ccdfe10f1fc5b1a','delivered','2018-06-13 13:47:39','2018-06-15 02:37:29','2018-06-15 14:22:00','2018-06-18 22:32:44','2018-06-26 00:00:00'),('fdf128b3630c21adc9ca4fb8a51b68ec','a9d37ddc8ba4d9f6dbac7d8ec378cc95','delivered','2018-07-15 08:33:19','2018-07-16 14:31:10','2018-07-17 15:33:00','2018-07-24 16:41:18','2018-08-02 00:00:00'),('a6aeb116d2cb5013eb8a94585b71ffef','bb2f5e670f7155dc622c57e4b31d0a69','delivered','2017-09-13 14:27:11','2017-09-13 14:44:39','2017-09-15 18:42:29','2017-09-16 15:40:08','2017-09-25 00:00:00'),('fa516182d28f96f5f5c651026b0749ee','55e6b290205c84ddd23ddf5eb134efd4','delivered','2018-04-13 08:44:17','2018-04-13 13:30:02','2018-04-13 22:19:21','2018-04-19 20:41:45','2018-05-08 00:00:00'),('6abaad69b8b349c3a529b4b91ce18e46','f5618502bee8eafdee72fb6955e2ebdf','delivered','2018-02-15 10:33:30','2018-02-15 10:47:59','2018-02-20 14:15:09','2018-02-24 19:15:56','2018-03-07 00:00:00'),('974c1993ab8024d3ed16229183c2308d','a90391a47de936d56c66a5366cba1462','delivered','2017-02-20 11:45:39','2017-02-22 03:10:20','2017-02-23 06:47:35','2017-03-09 14:27:58','2017-03-21 00:00:00'),('82bce245b1c9148f8d19a55b9ff70644','388025bec8128ff20ec1a316ed4dcf02','delivered','2017-04-20 17:15:46','2017-04-21 05:15:56','2017-04-24 09:34:13','2017-05-10 09:17:55','2017-05-12 00:00:00'),('a910f58086d58b3ae6f37aa712d377b9','afb19a4b667cb708caab312757ec3d3f','delivered','2017-09-15 09:19:48','2017-09-15 09:35:18','2017-09-18 18:20:00','2017-09-25 20:14:48','2017-10-11 00:00:00'),('bd4bd0194d6d29f83b8557d4b89b572a','636e15840ab051faa13d3f781b6e4233','delivered','2018-07-28 16:52:55','2018-07-31 03:50:24','2018-08-01 16:01:00','2018-08-06 18:44:46','2018-08-08 00:00:00'),('634e8f4c0f6744a626f77f39770ac6aa','05e996469a2bf9559c7122b87e156724','delivered','2017-08-09 18:32:47','2017-08-09 18:45:18','2017-08-10 20:21:53','2017-08-16 18:17:54','2017-08-31 00:00:00'),('6d25592267349b322799e2beb687871e','5bb39c890c91b1d26801aa19a9336eac','delivered','2018-08-26 22:04:34','2018-08-28 04:10:18','2018-08-28 12:56:00','2018-08-29 12:40:53','2018-08-30 00:00:00'),('b8801cccd8068de30112e4f49903d74a','f26a435864aebedff7f7c84f82ee229f','delivered','2017-07-30 03:06:35','2017-07-30 03:25:08','2017-07-31 16:42:54','2017-08-01 14:27:31','2017-08-16 00:00:00'),('2711a938db643b3f0b62ee2c8a2784aa','29cb486c739f9774c8eb542e07b56cd2','delivered','2017-12-22 00:17:37','2017-12-23 02:15:31','2017-12-27 19:54:46','2018-01-09 19:52:32','2018-01-19 00:00:00'),('3bc77ce8be27211bac313c2daa402d1a','bf141bf67fbe428d558bcf0e018eab60','delivered','2017-04-06 22:39:29','2017-04-06 22:50:24','2017-04-07 14:54:18','2017-04-11 12:31:36','2017-04-27 00:00:00'),('10c320f977c6a18f91b2d14be13128c6','b673f0597cb0c4d12778f731045f361a','delivered','2017-05-09 20:48:59','2017-05-09 21:02:45','2017-05-10 11:22:15','2017-05-18 13:22:35','2017-06-01 00:00:00'),('0a4a2fccb27bd83a892fa503987a595b','6772a0a230a2667d16c3620f000e1348','delivered','2017-04-20 20:42:44','2017-04-20 20:55:09','2017-04-25 08:23:08','2017-05-11 13:07:46','2017-05-25 00:00:00'),('e4de6d53ecff736bc68804b0b6e9f635','9f6618c17568ac301465fe7ad056c674','delivered','2017-10-16 14:56:50','2017-10-17 03:49:34','2017-10-27 22:14:21','2017-11-08 21:25:24','2017-11-21 00:00:00'),('6b860b35691d486e45dc98e3514ec5f6','fee181bf648906d1c57f84f216976286','delivered','2017-12-08 09:42:43','2017-12-09 02:49:54','2017-12-11 15:19:04','2017-12-19 18:43:35','2018-01-03 00:00:00'),('ec341c54a5ebf8ee0a67a8632aa7579b','df9b032b2ad0fd6bf37dfb48e5f83845','delivered','2017-08-26 16:53:30','2017-08-27 17:04:12','2017-08-30 13:26:32','2017-09-08 20:39:56','2017-09-21 00:00:00'),('cadbb3657dac2dbbd5b84b12e7b78aad','93ada7a24817edda9f4ab998fa823d16','delivered','2018-02-27 12:55:42','2018-03-01 02:48:54','2018-03-03 02:27:03','2018-03-16 14:59:01','2018-03-29 00:00:00'),('9defaf92cff22420e4e8ef7784815a55','64fb950e760ec8b0db79154a1fa9c1bf','delivered','2018-05-11 13:10:51','2018-05-11 13:36:50','2018-05-16 14:43:00','2018-05-21 16:09:55','2018-06-05 00:00:00'),('20e0101b20700188cadb288126949685','48558a50a7ba1aab61891936d2ca7681','delivered','2018-01-22 19:22:22','2018-01-22 19:36:35','2018-01-24 23:32:21','2018-02-15 20:08:15','2018-02-19 00:00:00'),('0e782c3705510e717d28907746cbda82','3a897024068ed42a183de61d5727d866','delivered','2018-05-01 08:12:37','2018-05-01 08:52:58','2018-05-02 19:01:00','2018-05-04 14:02:26','2018-05-16 00:00:00'),('d3d6788577c9592da441752e8a1dd5e3','8628fac2267e8c8804525da99c10ed0e','delivered','2017-09-19 22:17:15','2017-09-20 07:55:14','2017-09-22 17:23:09','2017-10-10 18:43:53','2017-10-13 00:00:00'),('86f21bf63784876b9fd6d35f46581d72','332df68ccac2f2f7d9e11299188f8bce','delivered','2018-04-11 22:32:31','2018-04-11 22:49:32','2018-04-14 00:02:39','2018-04-27 23:14:42','2018-05-21 00:00:00'),('8447ff843b2616c50c0ced28ab1dae03','e28dd4261bed9c7ba89ecaf411b88f7c','delivered','2017-12-20 23:45:07','2017-12-22 02:37:45','2017-12-23 13:10:45','2018-01-09 18:14:02','2018-01-22 00:00:00'),('f169bd689fb8b32ccd62df9050aebc0b','82f0b75bb50fcb30711e5277e36b3983','delivered','2018-04-22 23:23:18','2018-04-24 19:24:14','2018-04-27 13:46:00','2018-04-30 17:57:25','2018-05-07 00:00:00'),('77e9941864fc840be8e4b1ba5347c0f7','3135962ee745ef39b85576df7ddbaa99','delivered','2018-08-03 08:59:39','2018-08-03 09:31:36','2018-08-03 10:10:00','2018-08-17 00:49:41','2018-08-27 00:00:00'),('41bb5cee06dbf170878a9ef93ac7e7f5','1833a0540067becaf59368fe4cd4303a','delivered','2018-05-14 08:35:33','2018-05-14 08:52:24','2018-05-16 14:46:00','2018-05-18 14:48:38','2018-06-08 00:00:00'),('6a0a8bfbbe700284feb0845d95e0867f','68451b39b1314302c08c65a29f1140fc','delivered','2017-11-22 11:32:22','2017-11-22 11:46:50','2017-11-27 13:39:35','2017-12-28 19:43:00','2017-12-11 00:00:00'),('f7959f8385f34c4f645327465a1c9fc4','0bf19317b1830a69e55b40710576aa7a','delivered','2017-03-30 07:50:33','2017-03-30 08:05:08','2017-03-30 10:55:54','2017-04-10 02:59:52','2017-04-26 00:00:00'),('23f553848a03aaab35bb3f9f87725125','c622b892a190735ef81c0087973fa16d','delivered','2018-06-05 09:10:34','2018-06-05 09:32:22','2018-06-06 15:37:00','2018-06-18 12:36:54','2018-07-23 00:00:00');
/*!40000 ALTER TABLE `orders` ENABLE KEYS */;
UNLOCK TABLES;

--
-- Table structure for table `product_category_name_translation`
--

DROP TABLE IF EXISTS `product_category_name_translation`;
/*!40101 SET @saved_cs_client     = @@character_set_client */;
/*!40101 SET character_set_client = utf8 */;
CREATE TABLE `product_category_name_translation` (
  `product_category_name` varchar(46) DEFAULT NULL,
  `product_category_name_english` varchar(39) DEFAULT NULL
) ENGINE=InnoDB DEFAULT CHARSET=utf8mb4;
/*!40101 SET character_set_client = @saved_cs_client */;

--
-- Dumping data for table `product_category_name_translation`
--

LOCK TABLES `product_category_name_translation` WRITE;
/*!40000 ALTER TABLE `product_category_name_translation` DISABLE KEYS */;
INSERT INTO `product_category_name_translation` VALUES ('beleza_saude','health_beauty'),('informatica_acessorios','computers_accessories'),('automotivo','auto'),('cama_mesa_banho','bed_bath_table'),('moveis_decoracao','furniture_decor'),('esporte_lazer','sports_leisure'),('perfumaria','perfumery'),('utilidades_domesticas','housewares'),('telefonia','telephony'),('relogios_presentes','watches_gifts'),('alimentos_bebidas','food_drink'),('bebes','baby'),('papelaria','stationery'),('tablets_impressao_imagem','tablets_printing_image'),('brinquedos','toys'),('telefonia_fixa','fixed_telephony'),('ferramentas_jardim','garden_tools'),('fashion_bolsas_e_acessorios','fashion_bags_accessories'),('eletroportateis','small_appliances'),('consoles_games','consoles_games'),('audio','audio'),('fashion_calcados','fashion_shoes'),('cool_stuff','cool_stuff'),('malas_acessorios','luggage_accessories'),('climatizacao','air_conditioning'),('construcao_ferramentas_construcao','construction_tools_construction'),('moveis_cozinha_area_de_servico_jantar_e_jardim','kitchen_dining_laundry_garden_furniture'),('construcao_ferramentas_jardim','costruction_tools_garden'),('fashion_roupa_masculina','fashion_male_clothing'),('pet_shop','pet_shop'),('moveis_escritorio','office_furniture'),('market_place','market_place'),('eletronicos','electronics'),('eletrodomesticos','home_appliances'),('artigos_de_festas','party_supplies'),('casa_conforto','home_confort'),('construcao_ferramentas_ferramentas','costruction_tools_tools'),('agro_industria_e_comercio','agro_industry_and_commerce'),('moveis_colchao_e_estofado','furniture_mattress_and_upholstery'),('livros_tecnicos','books_technical'),('casa_construcao','home_construction'),('instrumentos_musicais','musical_instruments'),('moveis_sala','furniture_living_room'),('construcao_ferramentas_iluminacao','construction_tools_lights'),('industria_comercio_e_negocios','industry_commerce_and_business'),('alimentos','food'),('artes','art'),('moveis_quarto','furniture_bedroom'),('livros_interesse_geral','books_general_interest'),('construcao_ferramentas_seguranca','construction_tools_safety'),('fashion_underwear_e_moda_praia','fashion_underwear_beach'),('fashion_esporte','fashion_sport'),('sinalizacao_e_seguranca','signaling_and_security'),('pcs','computers'),('artigos_de_natal','christmas_supplies'),('fashion_roupa_feminina','fashio_female_clothing'),('eletrodomesticos_2','home_appliances_2'),('livros_importados','books_imported'),('bebidas','drinks'),('cine_foto','cine_photo'),('la_cuisine','la_cuisine'),('musica','music'),('casa_conforto_2','home_comfort_2'),('portateis_casa_forno_e_cafe','small_appliances_home_oven_and_coffee'),('cds_dvds_musicais','cds_dvds_musicals'),('dvds_blu_ray','dvds_blu_ray'),('flores','flowers'),('artes_e_artesanato','arts_and_craftmanship'),('fraldas_higiene','diapers_and_hygiene'),('fashion_roupa_infanto_juvenil','fashion_childrens_clothes'),('seguros_e_servicos','security_and_services');
/*!40000 ALTER TABLE `product_category_name_translation` ENABLE KEYS */;
UNLOCK TABLES;

--
-- Table structure for table `products`
--

DROP TABLE IF EXISTS `products`;
/*!40101 SET @saved_cs_client     = @@character_set_client */;
/*!40101 SET character_set_client = utf8 */;
CREATE TABLE `products` (
  `product_id` varchar(32) DEFAULT NULL,
  `product_category_name` varchar(46) DEFAULT NULL,
  `product_name_lenght` varchar(4) DEFAULT NULL,
  `product_description_lenght` varchar(6) DEFAULT NULL,
  `product_photos_qty` varchar(4) DEFAULT NULL,
  `product_weight_g` varchar(7) DEFAULT NULL,
  `product_length_cm` varchar(5) DEFAULT NULL,
  `product_height_cm` varchar(5) DEFAULT NULL,
  `product_width_cm` varchar(5) DEFAULT NULL
) ENGINE=InnoDB DEFAULT CHARSET=utf8mb4;
/*!40101 SET character_set_client = @saved_cs_client */;

--
-- Dumping data for table `products`
--

LOCK TABLES `products` WRITE;
/*!40000 ALTER TABLE `products` DISABLE KEYS */;
INSERT INTO `products` VALUES ('1e9e8ef04dbcff4541ed26657ea517e5','perfumaria','40.0','287.0','1.0','225.0','16.0','10.0','14.0'),('3aa071139cb16b67ca9e5dea641aaa2f','artes','44.0','276.0','1.0','1000.0','30.0','18.0','20.0'),('96bd76ec8810374ed1b65e291975717f','esporte_lazer','46.0','250.0','1.0','154.0','18.0','9.0','15.0'),('cef67bcfe19066a932b7673e239eb23d','bebes','27.0','261.0','1.0','371.0','26.0','4.0','26.0'),('9dc1a7de274444849c219cff195d0b71','utilidades_domesticas','37.0','402.0','4.0','625.0','20.0','17.0','13.0'),('41d3672d4792049fa1779bb35283ed13','instrumentos_musicais','60.0','745.0','1.0','200.0','38.0','5.0','11.0'),('732bd381ad09e530fe0a5f457d81becb','cool_stuff','56.0','1272.0','4.0','18350.0','70.0','24.0','44.0'),('2548af3e6e77a690cf3eb6368e9ab61e','moveis_decoracao','56.0','184.0','2.0','900.0','40.0','8.0','40.0'),('37cc742be07708b53a98702e77a21a02','eletrodomesticos','57.0','163.0','1.0','400.0','27.0','13.0','17.0'),('8c92109888e8cdf9d66dc7e463025574','brinquedos','36.0','1156.0','1.0','600.0','17.0','10.0','12.0'),('14aa47b7fe5c25522b47b4b29c98dcb9','cama_mesa_banho','54.0','630.0','1.0','1100.0','16.0','10.0','16.0'),('03b63c5fc16691530586ae020c345514','bebes','49.0','728.0','4.0','7150.0','50.0','19.0','45.0'),('cf55509ea8edaaac1d28fdb16e48fc22','instrumentos_musicais','43.0','1827.0','3.0','250.0','17.0','7.0','17.0'),('7bb6f29c2be57716194f96496660c7c2','moveis_decoracao','51.0','2083.0','2.0','600.0','68.0','11.0','13.0'),('eb31436580a610f202c859463d8c7415','construcao_ferramentas_seguranca','59.0','1602.0','4.0','200.0','17.0','7.0','17.0'),('3bb7f144022e6732727d8d838a7b13b3','esporte_lazer','22.0','3021.0','1.0','800.0','16.0','2.0','11.0'),('6a2fb4dd53d2cdb88e0432f1284a004c','perfumaria','39.0','346.0','2.0','400.0','27.0','5.0','20.0'),('a1b71017a84f92fd8da4aeefba108a24','informatica_acessorios','59.0','636.0','1.0','900.0','40.0','15.0','20.0'),('a0736b92e52f6cead290e30b578413b6','moveis_decoracao','56.0','296.0','2.0','1700.0','100.0','7.0','15.0'),('f53103a77d9cf245e579ea37e5ec51f0','cama_mesa_banho','52.0','206.0','1.0','500.0','16.0','10.0','16.0'),('1c1890ba1779090cd54008a3c3302921','moveis_decoracao','27.0','158.0','4.0','2550.0','29.0','24.0','45.0'),('518ef5de2c2b3a255e326a4594ba15d9','cama_mesa_banho','27.0','329.0','2.0','800.0','36.0','8.0','16.0'),('e3e020af31d4d89d2602272b315c3f6e','beleza_saude','58.0','1987.0','3.0','75.0','21.0','7.0','13.0'),('8b41fbc2b984a12030090112324d1bc4','bebes','55.0','1627.0','1.0','500.0','20.0','13.0','13.0'),('d03bd02af9fff4b98f1c972315e5e9ef','moveis_decoracao','56.0','209.0','1.0','1800.0','40.0','10.0','30.0'),('8ba4f2a4ae695d26e5626c1bf710975e','utilidades_domesticas','52.0','968.0','1.0','900.0','50.0','5.0','50.0'),('f6574524b07d5bb753bab6f35abe2d06','malas_acessorios','52.0','573.0','5.0','3600.0','35.0','25.0','50.0'),('c78b767da00efb70c1bcccab87c28cd5','informatica_acessorios','35.0','1101.0','2.0','300.0','42.0','2.0','30.0'),('a0253d43394dd4da9a5d7b1f546f1a32','informatica_acessorios','59.0','1890.0','2.0','740.0','23.0','13.0','13.0'),('051b9ff13dd55c0a6655a15ff296f80d','esporte_lazer','50.0','529.0','2.0','3600.0','62.0','23.0','23.0'),('47859fca9dd7485cbd93c3e8993bb74f','cama_mesa_banho','45.0','206.0','1.0','650.0','16.0','10.0','16.0'),('e1d1d22e9f8122a4ec1533b032c12562','ferramentas_jardim','49.0','1163.0','9.0','2150.0','70.0','8.0','34.0'),('20e37962088a4061d3578def47a8648b','moveis_decoracao','60.0','208.0','1.0','800.0','40.0','10.0','34.0'),('1eba879220bd0981a0e2fbab499ed4e1','moveis_escritorio','57.0','476.0','1.0','8950.0','52.0','51.0','17.0'),('ce5b91848b91118daffb3af53b747475','esporte_lazer','50.0','699.0','4.0','1388.0','34.0','9.0','31.0'),('5370b82a213393979691c98074265584','bebes','52.0','708.0','9.0','7950.0','33.0','30.0','44.0'),('b8dac5113b06a97e64943234522572b9','automotivo','43.0','1062.0','2.0','6000.0','87.0','3.0','42.0'),('750cf819d127191920eda79a4b6fb479','eletronicos','31.0','806.0','1.0','263.0','18.0','12.0','16.0'),('e6af694343b45b56304ad91974a110b9','utilidades_domesticas','37.0','352.0','1.0','3900.0','19.0','20.0','15.0'),('680874c570dad71c0a2844cfbf417054','moveis_decoracao','47.0','502.0','1.0','600.0','25.0','25.0','25.0'),('8b3a9476f74f5297f7ff0ec6d95fe1ea','moveis_decoracao','63.0','254.0','2.0','2050.0','49.0','13.0','41.0'),('1c6fb703c624b381a20f21f757694866','brinquedos','33.0','471.0','2.0','725.0','22.0','17.0','15.0'),('db46052aed7dff59ba38cf2fe29b87f9','cama_mesa_banho','56.0','509.0','4.0','6350.0','45.0','15.0','35.0'),('b864b103180d5a6a3f830e67f93e8735','bebes','47.0','980.0','4.0','600.0','70.0','11.0','11.0'),('7a8dac4aaa16bc642e4df33adcf03303','cool_stuff','38.0','1701.0','2.0','11750.0','18.0','40.0','79.0'),('83b9bc6aae6f527ff6aafb9e01d6cbf3','brinquedos','20.0','866.0','3.0','2550.0','22.0','32.0','38.0'),('5f504b3a1c75b73d6151be81eb05bdc9','cool_stuff','38.0','1176.0','3.0','15350.0','47.0','40.0','47.0'),('bbf920aa6ac72007a726e6f419156f8f','moveis_decoracao','42.0','303.0','2.0','1300.0','25.0','16.0','25.0'),('c3b7e4d83e530c27a8e6368296aece48','moveis_decoracao','60.0','1972.0','2.0','850.0','69.0','11.0','11.0'),('c5d8079278e912d7e3b6beb48ecb56e8','beleza_saude','60.0','330.0','1.0','1300.0','19.0','28.0','17.0'),('5eaa343860dc445b3fd43d1b682809fd','esporte_lazer','53.0','3218.0','5.0','4800.0','60.0','30.0','15.0'),('b5cfb1d3c5e435a7a52227e08f220ee7','cool_stuff','55.0','410.0','2.0','1300.0','36.0','16.0','24.0'),('334479e94cba98064050db1c9636e244','automotivo','57.0','311.0','1.0','220.0','18.0','14.0','17.0'),('3fcd8dfe610c62edfb51de2630cd9ef4','bebes','50.0','509.0','4.0','5700.0','41.0','17.0','49.0'),('4c8056caed5757810b9a68b83c3759e6','malas_acessorios','53.0','1291.0','2.0','450.0','20.0','40.0','30.0'),('30e77af9e7759bbaa0305d2fbc605dc4','fashion_calcados','60.0','402.0','2.0','2000.0','32.0','12.0','37.0'),('92bf5d2084dfbcb57d9db7838bac5cd0','telefonia','51.0','427.0','2.0','100.0','19.0','3.0','11.0'),('fdeb34a9f03fea7c3937dd62d1d0287e','cool_stuff','58.0','1252.0','1.0','1100.0','30.0','20.0','23.0'),('1065dbb6b0bf03daaedab1236979e296','papelaria','49.0','488.0','3.0','1400.0','38.0','40.0','39.0'),('0d826eba8e0a2ae3bca9e3a947dd756d','brinquedos','50.0','423.0','4.0','250.0','20.0','14.0','12.0'),('f8f6fd145cc00519283cf3100477b2b3','esporte_lazer','47.0','956.0','1.0','1050.0','25.0','20.0','14.0'),('4e04ffb7dd3739ecfc37de8927dd586c','papelaria','59.0','144.0','1.0','500.0','24.0','7.0','16.0'),('36555a2f528d7b2a255c504191445d39','beleza_saude','51.0','1069.0','1.0','1467.0','23.0','16.0','20.0'),('22937a73f92a33040ab4e2540355a5d8','fashion_bolsas_e_acessorios','50.0','554.0','3.0','100.0','16.0','5.0','11.0'),('dc21247da0290904ffbbcd5953c76f95','papelaria','41.0','92.0','1.0','100.0','16.0','5.0','16.0'),('9020ce7adcc384b2899ae87ddc54767b','papelaria','43.0','198.0','2.0','300.0','23.0','7.0','15.0'),('bfc1d1c62b1f7f401d8d9dda962bb870','esporte_lazer','50.0','255.0','2.0','950.0','60.0','15.0','15.0'),('6fef6d87bb6c2eb11d57a967209219a8','ferramentas_jardim','33.0','200.0','1.0','250.0','17.0','3.0','11.0'),('1e5428c428e0f783acd6e3d94ba4ee2a','pcs','55.0','1067.0','1.0','12000.0','27.0','50.0','53.0'),('94080f9219044d897195e2be145945dc','automotivo','60.0','1543.0','6.0','921.0','17.0','9.0','16.0'),('d0389f20b3d11de54e1e4561df147683','casa_construcao','55.0','1441.0','1.0','10000.0','60.0','25.0','25.0'),('3e9b58f1436820c248d3f98d7229bb14','relogios_presentes','56.0','489.0','2.0','250.0','16.0','11.0','11.0'),('575c38b4c88fc7b35ef22fc8312bfe1b','cool_stuff','57.0','992.0','3.0','1200.0','44.0','20.0','20.0'),('556702ebb73d3786a852ad3d5a8ad268','construcao_ferramentas_construcao','54.0','339.0','1.0','4800.0','25.0','8.0','25.0'),('a3a03c131926ec14d4c9f3ef03016b24','pet_shop','54.0','463.0','1.0','700.0','40.0','20.0','20.0'),('e586ebb6022265ae1eea38f46ffe3ead','beleza_saude','40.0','1469.0','3.0','1050.0','18.0','21.0','27.0'),('278b3c6462e86b4556b99989513ddf73','eletroportateis','58.0','587.0','3.0','350.0','20.0','20.0','20.0'),('0d009643171aee696f4733340bc2fdd0','perfumaria','52.0','150.0','1.0','422.0','21.0','16.0','18.0'),('be1be330cf34043d1c40d6114cbd11b5','relogios_presentes','51.0','484.0','1.0','317.0','19.0','13.0','16.0'),('07f01b6fcacc1b187a71e5074199db2d','agro_industria_e_comercio','39.0','430.0','1.0','16400.0','63.0','66.0','56.0'),('75b4372e69a42f8ae1d908c076f547b2','beleza_saude','22.0','1313.0','1.0','938.0','29.0','22.0','23.0'),('3569d4374a919941a50f57371b1dc93d','beleza_saude','37.0','1168.0','1.0','2700.0','21.0','16.0','31.0'),('a3c95dc653d9a279b160bc0179385ed1','cama_mesa_banho','39.0','1146.0','1.0','1750.0','30.0','18.0','30.0'),('0992c6cba95a13bfa68ea7d5e22d478b','ferramentas_jardim','42.0','671.0','1.0','3850.0','29.0','12.0','24.0'),('b1eae565a61935e0011ee7682fef9dc9','perfumaria','49.0','460.0','2.0','267.0','17.0','13.0','17.0'),('2734390ee304b0f4817b3c233094fc16','instrumentos_musicais','59.0','2367.0','3.0','16200.0','55.0','40.0','40.0'),('32ee3f4e2493045726807808d7abbab6','cama_mesa_banho','54.0','381.0','2.0','1400.0','38.0','9.0','27.0'),('c2367eda4f9623d0355dc5d7796d857a','cama_mesa_banho','50.0','607.0','1.0','6450.0','100.0','10.0','11.0'),('7f34b85142d1ef9e077a0da9ada27385','moveis_decoracao','59.0','1750.0','3.0','2300.0','105.0','3.0','70.0'),('c478b1bbf9ec8c5691f37ccb83187386','informatica_acessorios','55.0','163.0','2.0','300.0','25.0','8.0','18.0'),('f9ecf420c38b90a8af8e7f70fd789264','esporte_lazer','43.0','101.0','1.0','600.0','50.0','10.0','12.0'),('3a6a0247ced9dcb444b46caafdcdd368','beleza_saude','60.0','2497.0','1.0','3600.0','20.0','20.0','20.0'),('adf591c625cb265c12bc6749d3a2f757','beleza_saude','60.0','1146.0','6.0','150.0','20.0','24.0','33.0'),('3e0f398b664b26e3224c79dbf435191f','esporte_lazer','57.0','900.0','4.0','400.0','16.0','4.0','11.0'),('64c8f1a52b407d92518a1f8b79240a70','telefonia','49.0','319.0','1.0','100.0','18.0','6.0','11.0'),('af16005fca813272caf59c432153949e','moveis_decoracao','55.0','1186.0','2.0','800.0','53.0','8.0','20.0'),('e6a1ff3552ba3305c1cf0a4dde50347f','automotivo','58.0','703.0','6.0','5250.0','47.0','19.0','23.0'),('d8a405c732027a2af3187b031890933d','automotivo','50.0','361.0','1.0','200.0','35.0','4.0','26.0'),('ce94e3c41145e28428cdae952a1fd7f2','relogios_presentes','58.0','899.0','2.0','335.0','17.0','11.0','12.0'),('3f0f8de616df6efb39a48f3c64eea974','cama_mesa_banho','49.0','701.0','1.0','1300.0','50.0','12.0','12.0');
/*!40000 ALTER TABLE `products` ENABLE KEYS */;
UNLOCK TABLES;

--
-- Table structure for table `sellers`
--

DROP TABLE IF EXISTS `sellers`;
/*!40101 SET @saved_cs_client     = @@character_set_client */;
/*!40101 SET character_set_client = utf8 */;
CREATE TABLE `sellers` (
  `seller_id` varchar(32) DEFAULT NULL,
  `seller_zip_code_prefix` mediumint(9) DEFAULT NULL,
  `seller_city` varchar(40) DEFAULT NULL,
  `seller_state` varchar(2) DEFAULT NULL
) ENGINE=InnoDB DEFAULT CHARSET=utf8mb4;
/*!40101 SET character_set_client = @saved_cs_client */;

--
-- Dumping data for table `sellers`
--

LOCK TABLES `sellers` WRITE;
/*!40000 ALTER TABLE `sellers` DISABLE KEYS */;
INSERT INTO `sellers` VALUES ('3442f8959a84dea7ee197c632cb2df15',13023,'campinas','SP'),('d1b65fc7debc3361ea86b5f14c68d2e2',13844,'mogi guacu','SP'),('ce3ad9de960102d0677a81f5d0bb7b2d',20031,'rio de janeiro','RJ'),('c0f3eea2e14555b6faeea3dd58c1b1c3',4195,'sao paulo','SP'),('51a04a8a6bdcb23deccc82b0b80742cf',12914,'braganca paulista','SP'),('c240c4061717ac1806ae6ee72be3533b',20920,'rio de janeiro','RJ'),('e49c26c3edfa46d227d5121a6b6e4d37',55325,'brejao','PE'),('1b938a7ec6ac5061a66a3766e0e75f90',16304,'penapolis','SP'),('768a86e36ad6aae3d03ee3c6433d61df',1529,'sao paulo','SP'),('ccc4bbb5f32a6ab2b7066a4130f114e3',80310,'curitiba','PR'),('8cb7c5ddf41f4d506eba76e9a4702a25',75110,'anapolis','GO'),('a7a9b880c49781da66651ccf4ba9ac38',13530,'itirapina','SP'),('8bd0f31cf0a614c658f6763bd02dea69',1222,'sao paulo','SP'),('05a48cc8859962767935ab9087417fbb',5372,'sao paulo','SP'),('7b8e8ec35bad4b0ef7e3963650b0a87b',88705,'tubarao','SC'),('1444c08e64d55fb3c25f0f09c07ffcf2',42738,'lauro de freitas','BA'),('166e8f1381e09651983c38b1f6f91c11',88780,'imbituba','SC'),('e38db885400cd35c71dfd162f2c1dbcf',70740,'brasilia','DF'),('d2e753bb80b7d4faa77483ed00edc8ca',45810,'porto seguro','BA'),('f9ec7093df3a7b346b7bcf7864069ca3',5138,'sao paulo','SP'),('4e6015589b781adaa5ce7f1892d06bb1',11440,'guaruja','SP'),('4cf490a58259286ada5ba8525ba9e84a',14910,'tabatinga','SP'),('f7496d659ca9fdaf323c0aae84176632',4156,'sao paulo','SP'),('2ff97219cb8622eaf3cd89b7d9c09824',13320,'salto','SP'),('8bd0e3abda539b9479c4b44a691be1ec',98910,'tres de maio','RS'),('2a1348e9addc1af5aaa619b1a3679d6b',30494,'belo horizonte','MG'),('2078fe5066350e7d220c0ad3a3bbc6c1',86707,'arapongas','PR'),('116ccb1a1604bc88e4d234a8c23f33de',9850,'sao bernardo do campo','SP'),('430315b7bb4b6e4b3c978f9dfa9b0558',4857,'sao paulo','SP'),('406822777a0b9eb5c50e442dd4cd3ec5',18500,'tatui','SP'),('4dbd95a08b31ede5c82d3f861cb1ce1a',80210,'curitiba','PR'),('e9e446d01bd10a97a8ffcfc4a3a20cb2',2261,'sao paulo','SP'),('d52cbce9845184537284a23c3bc3da0e',88495,'garopaba','SC'),('d9a84e1403de8da0c3aa531d6d108ba6',3562,'sao paulo','SP'),('9c690ceacd5c66731bf443ea810195cb',37650,'camanducaia','MG'),('1f9ab4708f3056ede07124aad39a2554',17602,'tupa','SP'),('1961c3e1272bfeceb05d0b78b5bbfdaf',7241,'guarulhos','SP'),('d3e7d37c0df9aef383f3f2a15b0dddfb',83050,'sao jose dos pinhais','PR'),('ec2e006556300a79a5a91e4876ab3a56',3445,'sao paulo','SP'),('b2a6d334e2833acea353624840e25a0e',4133,'sao paulo','SP'),('d3674f271c91f824f82d24d92011f669',72233,'brasilia','DF'),('768de2a4fc06aacecb9a586ccc30746a',70645,'brasilia','DF'),('a81466620e46a6970b22ef40379fdfc9',88730,'sao ludgero','SC'),('5c030029b5916fed0986310385ec9009',88075,'sao jose','SC'),('c0f783394e37cd9c9d7f5f81141450fa',13416,'piracicaba','SP'),('c353f8fc0ce8344999f17d578eb69a5e',90850,'porto alegre','RS'),('8444e55c1f13cd5c179851e5ca5ebd00',37584,'congonhal','MG'),('28a26ebce31d5918b181ede016fd693b',31950,'belo horizonte','MG'),('41ab63a91b8b264e8c8780368bf1dd5b',31555,'belo horizonte','MG'),('8759e7aedd644f487315e5860962f162',9251,'santo andre','SP'),('e546117ed9cafbc40239c0c78635c584',4705,'sao paulo','SP'),('d71d863e5ef30d94e440c11be17dcd8f',6144,'osasco','SP'),('0c7533c71df861ec58ad7ff999ed0e8d',13270,'valinhos','SP'),('ef990a83bbea832f36ebe81376335aa8',89214,'joinville','SC'),('41e0fa5761c886a630994a55c12087e7',11446,'guaruja','SP'),('0747d5bb69f0586cc869d8af4c50f93e',28990,'saquarema','RJ'),('7d294cf9a6a69dc6a0c3e540fff0e039',88390,'barra velha','SC'),('c89cf7c468a48af70aada384e722f9e2',25730,'petropolis','RJ'),('b7ba853e9551f4558440881fd3e5c815',95500,'santo antonio da patrulha','RS'),('13c2ed7698b3ca92dad49e849219da59',84010,'ponta grossa','PR'),('cbbd5ae8f53de5f5097cd8217b529e24',6544,'santana de parnaiba','SP'),('02ecc2a19303f05e59ce133fd923fff7',9121,'santo andre','SP'),('c013e57c075a06e5b5c48ee03c525719',13568,'sao carlos','SP'),('55f7a3319d80f7fdf078b8f03e6725fe',6056,'osasco','SP'),('2d50d6282f8aa2257819a77bfaa0efe0',14940,'ibitinga','SP'),('b7e1750c1157341d2abd0251e07c186b',5741,'sao paulo','SP'),('b90e891671cffd9557f33a97dc523645',83010,'sao jose dos pinhais','PR'),('a416b6a846a11724393025641d4edd5e',3702,'sao paulo','SP'),('7e93a43ef30c4f03f38b393420bc753a',6429,'barueri','SP'),('5206cc4bc2297c833e6061c49bf9c43f',6192,'osasco','SP'),('f410c8873029fcc3809b9df6d0b28914',95076,'caxias do sul','SP'),('ef506c96320abeedfb894c34db06f478',3569,'sao paulo','SP'),('a13aaf2d2886ab9fb30fb9a920160b8f',89207,'joinville','SC'),('7299e27ed73d2ad986de7f7c77d919fa',38440,'araguari','MG'),('8a9260f2b0340411d6d2a56bcf4f7378',32180,'contagem','MG'),('dedcab67899479e4ea5dcc4eba47f587',89258,'jaragua do sul','SC'),('b2479f944e1b90cf8a5de1bbfde284d6',14940,'ibitinga','SP'),('7722b1df1b0e383e000397b2c11e3e19',9715,'sao bernardo do campo','SP'),('731ef20c231d9a7103a425e83fd91271',88501,'lages - sc','SC'),('78813699ffac347fe27dba345a5f1551',95711,'bento goncalves','RS'),('3296662b1331dea51e744505065ae889',15805,'catanduva','SP'),('411f3b52d857390502ee4e4d5ceabc2d',9400,'ribeirao pires','SP'),('bba3293d6f5d5af2f415e004e8b93ae3',4726,'sao paulo','SP'),('4e7c18b98d84e05cbae3ff0ff03846c2',14882,'jaboticabal','SP'),('b56906f7fd1696e043f1bcce164c487b',19830,'echapora','SP'),('d650b663c3b5f6fb392b6326366efa9a',6713,'cotia','SP'),('669ae81880e08f269a64487cfb287169',89160,'rio do sul','SC'),('c2d70ce2c5d0a2eb75e78668236e6dc8',4275,'sao paulo','SP'),('674207551483fec113276b67b0d871ff',18040,'sorocaba','SP'),('abe42c5d03695b4257b5c6cbf4e6784e',21235,'rio de janeiro','RJ'),('1996942dc085d7773ba77a529b163cd0',14850,'pradopolis','SP'),('79b93a308a97792cf53ac75f46da00b5',22420,'rio de janeiro','RJ'),('7cf4ea70955b00d6b3c22542598e2715',1125,'sao paulo','SP'),('63ffcb71394dd8ea3872ed9ffda17c74',24813,'itaborai','RJ'),('83353a83fd769dfafa4f21a72b15e3e5',5786,'sao paulo','SP'),('cda598c48d7c614bc1cad7d8ff6f0010',15137,'mirassol','SP'),('d4910f1cdcfdabd48d6b316e395d4a23',9190,'santo andre','SP'),('709e16e2b25c7474d980076c6bfc4806',16200,'birigui','SP'),('9dc79dd988ac42f4d56c340d7048420a',3569,'sao paulo','SP'),('276677b5d08786d5dce7c2149dcce48b',31730,'belo horizonte','MG');
/*!40000 ALTER TABLE `sellers` ENABLE KEYS */;
UNLOCK TABLES;
/*!40103 SET TIME_ZONE=@OLD_TIME_ZONE */;

/*!40101 SET SQL_MODE=@OLD_SQL_MODE */;
/*!40014 SET FOREIGN_KEY_CHECKS=@OLD_FOREIGN_KEY_CHECKS */;
/*!40014 SET UNIQUE_CHECKS=@OLD_UNIQUE_CHECKS */;
/*!40101 SET CHARACTER_SET_CLIENT=@OLD_CHARACTER_SET_CLIENT */;
/*!40101 SET CHARACTER_SET_RESULTS=@OLD_CHARACTER_SET_RESULTS */;
/*!40101 SET COLLATION_CONNECTION=@OLD_COLLATION_CONNECTION */;
/*!40111 SET SQL_NOTES=@OLD_SQL_NOTES */;

-- Dump completed on 2024-04-30 16:42:45
